context,deldelG_25C,deldelG_25C_error,delG_m1g_25C,delG_m1g_25C_error,delG_wc_25C,delG_wc_25C_error,deldeH,deldelH_error,deldelS,deldelS_error
aaa,4.1022224048755165,0.1395141637572962,-10.608174837873314,0.04165629071571153,14.375173294384767,0.11989034068920285,29.011177845040848,1.277699517155557,0.08466655281905491,0.003949260132944797
aac,5.9702120463305635,0.21900510569990547,-11.175619416616554,0.08555342584025293,16.810607514583054,0.1931025274497733,42.890183295861455,2.3548954110245726,0.12495034611582692,0.0072582206245283545
aag,1.3623947188210743,0.21026404958262068,-8.735199491957813,0.19363753866058342,9.762370262414825,0.05796734103114584,-38.9417456238493,2.5178266192489613,-0.1340519063399058,0.00822603444123591
aat,5.80600905686036,0.21508786225751106,-10.562501266421652,0.0997571521520137,16.03328637491795,0.18153797823842088,47.45024024709016,1.8790507302996478,0.14079506016432058,0.005710436028530341
caa,4.6404793925497705,0.12933073840893805,-11.623139076150297,0.10403228905612065,15.928394520336004,0.05048228589329396,32.233497751544455,0.8417348374963386,0.09366864202897363,0.0024427677327184968
cac,4.315113221692877,0.2896471234103454,-12.36571454733132,0.10533312201282195,16.345603820660134,0.26352443523283975,28.135305111335036,3.4691915218118474,0.08101494445266372,0.010688155056351997
cag,3.3193006788205275,0.16196906305035935,-10.857235044912898,0.061847676649168355,13.841311775369363,0.13803470844819626,25.194101520135902,2.0464557433543136,0.07449028974268662,0.0064104999707118105
cat,5.293931526034899,0.23729508116631245,-11.145319534946811,0.1686310957827197,16.104027112617647,0.15657984397333322,41.069677328986536,3.2638407463688566,0.12111272387750102,0.010360067426189768
gaa,4.461527181584436,0.10057980966570605,-11.758054987260623,0.04000167421941042,15.884358220480996,0.07183942253318269,29.832498550217274,0.6661012556758729,0.08621610986382106,0.0020880667495933912
gac,3.937262508712156,0.1754360999299471,-12.907304929350188,0.13759838607919495,16.50934348969828,0.09213711393840456,23.73334759421541,1.3306355665365313,0.06751847677041622,0.003921052279127753
gag,2.4043747762726473,0.15218077585015322,-10.50368612251704,0.13159124581215376,12.572836950425625,0.049874552848393996,18.729850502368638,1.0273625189411817,0.05587838635115393,0.0030571145156750214
gat,5.363017185713049,0.2419781903800949,-11.69120714883581,0.14795961308224503,16.719000386184796,0.18249968759985633,39.6151989584215,2.4520357680122813,0.11600283646724066,0.007520261210453837
taa,4.481316342572776,0.14998075506417716,-9.818426456847561,0.06514675966424469,13.964518851056274,0.12204452078130008,36.133416672564614,1.6562638057034529,0.10728241306129553,0.005145897637639344
tac,4.793617022953037,0.22661240531028323,-10.703997609118904,0.1939176625626951,15.162390683707878,0.10195028614280661,38.16491134645969,2.2840877062999834,0.1130484245769745,0.00699434892285851
tag,1.7264371791135358,0.21527950340341492,-8.885254045425304,0.16921704588085135,10.276467276174778,0.11981483391820119,16.978021477040418,1.5899691236085913,0.052276657654584585,0.00465872904630108
tat,4.745349737002779,0.10798421000135662,-9.977517048794423,0.06867832146370173,14.38764283743314,0.05990506012360625,39.96151976260126,1.4054708059739303,0.11923596047076256,0.004443208385074824
