0.000000000000000000e+00,-7.583031667280190069e-01,-1.665366181886133168e+00,0.000000000000000000e+00,0.000000000000000000e+00,-4.213040025957651702e-01,-1.381644733245484531e+02,-1.381629185621305322e-03
0.000000000000000000e+00,-3.583295268160128222e-01,-1.488684935681884314e+00,0.000000000000000000e+00,0.000000000000000000e+00,-2.762877309315367458e-01,-6.632423693686723709e+01,-6.620170062839944710e-04
0.000000000000000000e+00,1.643167770112180959e+00,1.375819880945111207e+00,0.000000000000000000e+00,0.000000000000000000e+00,6.190777440923272978e-01,3.183975714445114136e+02,3.172163580455325711e-03
0.000000000000000000e+00,9.842737213435617250e-01,1.124019978765271821e+00,0.000000000000000000e+00,0.000000000000000000e+00,4.097947709447042342e-01,1.833654440310783684e+02,1.830389032605662285e-03
0.000000000000000000e+00,-2.397498761854738536e+00,-1.189357482596403726e+00,0.000000000000000000e+00,0.000000000000000000e+00,-8.824223245227967860e-01,-5.513465642309747636e+02,-5.469787428595703459e-03
0.000000000000000000e+00,1.929873003662516906e+00,1.219006205476684368e+00,0.000000000000000000e+00,0.000000000000000000e+00,6.935680841340102765e-01,4.003296583928167820e+02,3.978850883512703024e-03
0.000000000000000000e+00,-2.259277913876879929e+00,-9.898996236730168707e-01,0.000000000000000000e+00,0.000000000000000000e+00,-8.775563651192448411e-01,-5.623430152011569589e+02,-5.578178241192265421e-03
0.000000000000000000e+00,1.920521108519058995e+00,8.939319204630402638e-01,0.000000000000000000e+00,0.000000000000000000e+00,7.235345755643941557e-01,4.587746094986796379e+02,4.551406635947501285e-03
0.000000000000000000e+00,-5.281456145925750301e-01,-2.838793421350801482e-01,0.000000000000000000e+00,0.000000000000000000e+00,-1.114580075095323863e+00,-3.295407307315617800e+02,-3.470025955053778963e-03
0.000000000000000000e+00,2.710396598406865087e-01,2.030621079697592091e+00,0.000000000000000000e+00,0.000000000000000000e+00,2.881223778954569159e-01,5.164475810062140226e+01,5.135461046598634909e-04
0.000000000000000000e+00,-1.452594118185489558e-01,-3.008095212314426448e+00,0.000000000000000000e+00,0.000000000000000000e+00,-2.725575621403895643e-01,-2.947127168998122215e+01,-2.890182952039826677e-04
0.000000000000000000e+00,-3.308190157379500840e-01,-8.719134622499320475e-01,0.000000000000000000e+00,0.000000000000000000e+00,-8.638269042956550070e-01,-1.723115785196423531e+02,-1.875563721991987043e-03
0.000000000000000000e+00,8.758605707986770461e-02,1.968058288079405971e+00,0.000000000000000000e+00,0.000000000000000000e+00,4.070807620189709902e-02,1.411434639245271683e+01,1.393019855656326723e-04
0.000000000000000000e+00,3.021469042490761425e-01,2.722222410277007398e+00,0.000000000000000000e+00,0.000000000000000000e+00,7.700991479465379985e-02,4.391562042199075222e+01,4.276866081753158649e-04
0.000000000000000000e+00,-1.280661276032593054e+00,-1.894013752314554377e+00,0.000000000000000000e+00,0.000000000000000000e+00,-9.643188243777270352e-02,-1.533150102086365223e+02,-1.346818285261605630e-03
0.000000000000000000e+00,-1.982069269793643729e+00,-2.072093608585450220e+00,0.000000000000000000e+00,0.000000000000000000e+00,-1.184652746321321198e-01,-2.323475743941962719e+02,-1.953128039413787927e-03
0.000000000000000000e+00,-2.475311353101233569e-01,-1.301657252072575099e+00,0.000000000000000000e+00,0.000000000000000000e+00,-4.397441872290317605e-02,-3.379773280397057533e+01,-3.235280622198840944e-04
0.000000000000000000e+00,6.085603162964428048e-01,1.752163373325250628e+00,0.000000000000000000e+00,0.000000000000000000e+00,7.193313330893634505e-02,7.762966291233897209e+01,7.216226269694157262e-04
0.000000000000000000e+00,-6.221686967448897043e+00,-2.701021941448314756e+00,0.000000000000000000e+00,0.000000000000000000e+00,-2.254957454490600088e-01,-8.294075741134583950e+02,-5.523982183542133079e-03
0.000000000000000000e+00,-3.869646939282700870e+00,-1.589506004006860040e+00,0.000000000000000000e+00,0.000000000000000000e+00,-1.400508791571986600e-01,-5.514663876257836819e+02,-3.533960542972918416e-03
0.000000000000000000e+00,-2.749384056868302117e+00,-2.044517400444672450e+00,0.000000000000000000e+00,0.000000000000000000e+00,-1.319745671432942247e-01,-3.215111060552299023e+02,-2.545072833975334757e-03
0.000000000000000000e+00,5.006165781518672198e+00,2.735992586132615756e+00,0.000000000000000000e+00,0.000000000000000000e+00,2.003862878505793532e-01,6.051712832767516375e+02,4.429710880539962023e-03
0.000000000000000000e+00,-3.051404199499466063e+00,-1.554028694565068314e+00,0.000000000000000000e+00,0.000000000000000000e+00,-2.535726537946935699e-01,-4.709370159581303596e+02,-4.053447331113688504e-03
0.000000000000000000e+00,-2.685769588494090421e+00,-1.674249698042843404e+00,0.000000000000000000e+00,0.000000000000000000e+00,-2.406671859190472329e-01,-3.900628500804305077e+02,-3.445289602425627429e-03
0.000000000000000000e+00,-2.090928438721538107e+00,-1.654262829547428426e+00,0.000000000000000000e+00,0.000000000000000000e+00,-2.108526502454802221e-01,-2.945782130509614944e+02,-2.665042274913934778e-03
0.000000000000000000e+00,1.790438402513039096e+00,1.833521278268724242e+00,0.000000000000000000e+00,0.000000000000000000e+00,2.084621887738191959e-01,2.497464088201522827e+02,2.306961866503012739e-03
0.000000000000000000e+00,-9.859076872711269868e-01,-1.716336936062648810e+00,0.000000000000000000e+00,0.000000000000000000e+00,-1.578030443430774588e-01,-1.395894582271575928e+02,-1.327877304753193044e-03
0.000000000000000000e+00,-8.023696301854374990e-01,-2.337046312659246450e+00,0.000000000000000000e+00,0.000000000000000000e+00,-1.771496575406883434e-01,-1.177359900400042534e+02,-1.141438770347472272e-03
0.000000000000000000e+00,4.625347463452785246e-01,2.179131722937096782e+00,0.000000000000000000e+00,0.000000000000000000e+00,1.384697728744392065e-01,7.075424245744943619e+01,6.941288674959955217e-04
0.000000000000000000e+00,-9.036866369174104130e-02,-2.032159683447806842e+00,0.000000000000000000e+00,0.000000000000000000e+00,-7.218487918094305955e-02,-1.601564113795757294e+01,-1.585335011736400046e-04
0.000000000000000000e+00,-3.031673433458607625e-01,-3.044976075684188155e-01,0.000000000000000000e+00,0.000000000000000000e+00,-6.756609496883049237e-01,-2.185619507394731045e+02,-2.298213508106280913e-03
0.000000000000000000e+00,-2.877490679265065632e-02,-2.757977588437584782e+00,0.000000000000000000e+00,0.000000000000000000e+00,-1.271886328953232281e-01,-6.440297644585371017e+00,-6.119868424186758514e-05
0.000000000000000000e+00,4.552776852734292945e-02,2.171531397769658422e+00,0.000000000000000000e+00,0.000000000000000000e+00,1.364412061497193573e-01,9.748643172904849052e+00,9.404249927283640385e-05
0.000000000000000000e+00,-8.283333886301984528e-01,-1.957927032954585589e-01,0.000000000000000000e+00,0.000000000000000000e+00,-1.709743921085993712e+00,-4.039932823330163956e+02,-4.281253574131557889e-03
0.000000000000000000e+00,2.150350184226192674e-01,1.567845517068567229e+00,0.000000000000000000e+00,0.000000000000000000e+00,8.764347782225969663e-01,8.474530763924121857e+01,9.612508862339152202e-04
0.000000000000000000e+00,6.053144369079583864e-01,7.232145424350560070e-01,0.000000000000000000e+00,0.000000000000000000e+00,1.607351232865099844e+00,2.744036014005541801e+02,2.983367348130444834e-03
0.000000000000000000e+00,2.899526643530783362e-02,1.672878150927764151e+00,0.000000000000000000e+00,0.000000000000000000e+00,2.343970885420600392e-01,9.546665905974805355e+00,1.151400232718636694e-04
0.000000000000000000e+00,8.416602614252899350e-02,1.986263376658880642e+00,0.000000000000000000e+00,0.000000000000000000e+00,4.943299093507063646e-01,2.990416832081973553e+01,3.504012117327661617e-04
0.000000000000000000e+00,-9.986276291868630486e-03,-2.214887815303219210e+00,0.000000000000000000e+00,0.000000000000000000e+00,-1.380579654328099592e-01,-2.957338680047541857e+00,-3.773647577928369992e-05
0.000000000000000000e+00,-2.000349842843616999e-01,-1.459310024367350023e+00,0.000000000000000000e+00,0.000000000000000000e+00,-6.441858324807446801e-01,-9.145842017047107220e+01,-1.020490566975695975e-03
0.000000000000000000e+00,4.729414331597148885e-02,1.414691268387876955e+00,0.000000000000000000e+00,0.000000000000000000e+00,2.252606915171771473e-01,1.824546009674668312e+01,2.110455490243551497e-04
0.000000000000000000e+00,-1.863357849263255206e-01,4.487271190829522638e-01,0.000000000000000000e+00,0.000000000000000000e+00,1.010274544716273315e+00,8.908639197787269950e+02,8.642594448842608884e-03
0.000000000000000000e+00,7.857889651938213538e-01,-1.209507303734472572e+00,0.000000000000000000e+00,0.000000000000000000e+00,-6.795551950322417101e-01,-8.744526850283145905e+02,-8.181726382361228025e-03
0.000000000000000000e+00,-2.296716810991738730e-02,-2.746013869774492910e+00,0.000000000000000000e+00,0.000000000000000000e+00,-2.463843264769967067e-01,-7.132938295602798462e+00,-8.837167877045135620e-05
0.000000000000000000e+00,9.783237352377563978e-01,2.772240909598417454e-03,0.000000000000000000e+00,0.000000000000000000e+00,1.803939560097246320e+00,3.656020989641547203e+02,3.856300295715531061e-03
0.000000000000000000e+00,8.466900612284889993e-01,2.418641594878195335e-03,0.000000000000000000e+00,0.000000000000000000e+00,1.717560368727532483e+00,2.988240670636296272e+02,3.166111614725729186e-03
0.000000000000000000e+00,-4.491092336077002756e-01,-1.285284335957693775e-03,0.000000000000000000e+00,0.000000000000000000e+00,-1.115419195841621747e+00,-1.464041787870228291e+02,-1.559551335988470502e-03
0.000000000000000000e+00,-6.744616947813759644e-01,-1.929122164345176702e-03,0.000000000000000000e+00,0.000000000000000000e+00,-2.054655241198985127e+00,-2.087541899513453245e+02,-2.234211594433529145e-03
0.000000000000000000e+00,4.772330436265290743e-01,1.365342980010170529e-03,0.000000000000000000e+00,0.000000000000000000e+00,1.769980273660048065e+00,1.426147742308676243e+02,1.532054663058950985e-03
0.000000000000000000e+00,3.191572183577748301e-01,9.248866107433166865e-04,0.000000000000000000e+00,0.000000000000000000e+00,1.695467322725558779e+00,9.135574573278427124e+01,9.850023661118927683e-04
0.000000000000000000e+00,-2.854846160552469425e-01,-8.179981668112867995e-04,0.000000000000000000e+00,0.000000000000000000e+00,-2.236170470301038105e+00,-7.942624307796359062e+01,-8.583360533403288067e-04
0.000000000000000000e+00,-1.109960347766125038e-01,-3.198330952752131192e-04,0.000000000000000000e+00,0.000000000000000000e+00,-1.212089511422550059e+00,-3.037941088154911995e+01,-3.287529322643205094e-04
0.000000000000000000e+00,3.381058867287432435e+00,1.408523610371103629e+00,0.000000000000000000e+00,0.000000000000000000e+00,6.308389321451230991e-01,8.773505685627460480e+02,8.042351815046698202e-03
0.000000000000000000e+00,3.099773206429288663e+00,1.399168075797833977e+00,0.000000000000000000e+00,0.000000000000000000e+00,3.762725321630532305e-01,8.831755128037184477e+02,7.221117885815120895e-03
0.000000000000000000e+00,3.021354660277549620e+00,1.457478232473226054e+00,0.000000000000000000e+00,0.000000000000000000e+00,4.198839718412032407e-01,9.792122267056256533e+02,8.026058569202708382e-03
0.000000000000000000e+00,2.614287857696929063e+00,1.373263728784425819e+00,0.000000000000000000e+00,0.000000000000000000e+00,4.249966338666666954e-01,9.770461297295987606e+02,8.046209808684720230e-03
0.000000000000000000e+00,2.438839961376371601e+00,1.420272160345757539e+00,0.000000000000000000e+00,0.000000000000000000e+00,4.736118632583861676e-01,1.065493675569072366e+03,8.830342268239886605e-03
0.000000000000000000e+00,5.169577794832851403e+00,2.150210824664724463e+00,0.000000000000000000e+00,0.000000000000000000e+00,4.497386139856824894e-01,1.001710543546825647e+03,8.285734109044831652e-03
0.000000000000000000e+00,-3.586099728876701587e+00,-1.482321812489962198e+00,0.000000000000000000e+00,0.000000000000000000e+00,-3.290936942651126462e-01,-7.512433908097445965e+02,-6.174685867395586850e-03
0.000000000000000000e+00,4.005726813676468545e+00,1.674405734444530891e+00,0.000000000000000000e+00,0.000000000000000000e+00,3.953749247413385626e-01,9.179903897177428007e+02,7.516921102752754415e-03
0.000000000000000000e+00,-3.908513913698393516e+00,-1.681745483429818000e+00,0.000000000000000000e+00,0.000000000000000000e+00,-4.232728723612477206e-01,-9.922231233511120081e+02,-8.106646251759955235e-03
0.000000000000000000e+00,-4.407933965996909009e+00,-1.943104389047792813e+00,0.000000000000000000e+00,0.000000000000000000e+00,-3.626221435343212063e-01,-7.547137702349573374e+02,-6.340769421650819734e-03
0.000000000000000000e+00,-3.515079455594310787e+00,-1.494101606672835203e+00,0.000000000000000000e+00,0.000000000000000000e+00,-2.949468289771418061e-01,-6.370227558254264295e+02,-5.306079447983108946e-03
0.000000000000000000e+00,3.848589278035899341e-02,2.542789444902957996e+00,0.000000000000000000e+00,0.000000000000000000e+00,8.457677219340928310e-02,7.886773290112614632e+00,7.671572130685433324e-05
0.000000000000000000e+00,-1.913116907651776430e-02,-2.790103294888455654e+00,0.000000000000000000e+00,0.000000000000000000e+00,-6.636024855727518101e-02,-4.149335436522960663e+00,-3.973108560116405882e-05
0.000000000000000000e+00,1.053736185167117201e+00,2.975539680897633550e-03,0.000000000000000000e+00,0.000000000000000000e+00,1.668373695926179012e+00,4.675810035873146262e+02,4.874329127443614851e-03
0.000000000000000000e+00,-8.545983700483181789e-01,-2.392783713428047864e-03,0.000000000000000000e+00,0.000000000000000000e+00,-1.304410232766262778e+00,-4.328927809279412031e+02,-4.476755470683702748e-03
0.000000000000000000e+00,-5.557546005000222333e-01,-1.790772866285576859e+00,0.000000000000000000e+00,0.000000000000000000e+00,-2.019450463329810486e-01,-9.015831205074209720e+01,-8.905563612127857321e-04
0.000000000000000000e+00,-2.951159705566063218e-01,-2.061466304528186910e+00,0.000000000000000000e+00,0.000000000000000000e+00,-1.703186443449727361e-01,-5.061299264989793301e+01,-5.023148614617539438e-04
0.000000000000000000e+00,-1.334982553445347164e-01,-1.831939010121187206e+00,0.000000000000000000e+00,0.000000000000000000e+00,-1.156375569968387945e-01,-2.417136830464005470e+01,-2.395858005706301376e-04
0.000000000000000000e+00,-8.597743799295110012e-02,-2.128626504357844507e+00,0.000000000000000000e+00,0.000000000000000000e+00,-1.059911655868172181e-01,-1.632990246172994375e+01,-1.611299205730816128e-04
0.000000000000000000e+00,-3.803801474815399764e-01,-8.389931104399509215e-04,0.000000000000000000e+00,0.000000000000000000e+00,-1.256824946314528901e+00,-7.616332921907305717e+02,-7.551377849796426546e-03
0.000000000000000000e+00,-2.510780716956445002e-01,-4.722151840383920609e-04,0.000000000000000000e+00,0.000000000000000000e+00,-1.139827291427200073e+00,-7.237887574285268784e+02,-7.138050991766041638e-03
0.000000000000000000e+00,1.093810003059831892e+00,3.004566425750002275e-03,0.000000000000000000e+00,0.000000000000000000e+00,1.694020727650570102e+00,6.656391827068291605e+02,6.822135211886847482e-03
0.000000000000000000e+00,-9.960177198664572629e-01,-2.683171109608591121e-03,0.000000000000000000e+00,0.000000000000000000e+00,-1.698509347494277177e+00,-7.858545235777273774e+02,-7.968420046167965648e-03
0.000000000000000000e+00,-5.579401472992374655e-01,-1.412826098790754062e-03,0.000000000000000000e+00,0.000000000000000000e+00,-1.195635411995880970e+00,-6.415943735151086003e+02,-6.433349728261259989e-03
0.000000000000000000e+00,-4.636475278094970842e-01,-1.119870845189232644e-03,0.000000000000000000e+00,0.000000000000000000e+00,-1.195263758045793656e+00,-6.847114614248275757e+02,-6.822875402927911469e-03
0.000000000000000000e+00,-2.015464302326307688e+00,-1.934145349674688097e+00,0.000000000000000000e+00,0.000000000000000000e+00,-7.076064713834698261e-02,-2.090620731959352270e+02,-1.529039455566355739e-03
0.000000000000000000e+00,-1.490812755987400706e+00,-2.155066454749053673e+00,0.000000000000000000e+00,0.000000000000000000e+00,-6.972274941623647637e-02,-1.591454550018534064e+02,-1.278107924815671207e-03
0.000000000000000000e+00,-4.349257172232645630e+00,-2.050302386908541941e+00,0.000000000000000000e+00,0.000000000000000000e+00,-9.680118399699501330e-02,-4.871038787411525846e+02,-2.511357723063381824e-03
0.000000000000000000e+00,2.599854464816974797e+00,1.684603512450974394e+00,0.000000000000000000e+00,0.000000000000000000e+00,6.997743301449320386e-02,2.705354710407555103e+02,1.717778406749868479e-03
0.000000000000000000e+00,-4.634493254105041871e+00,-1.922176981621902314e+00,0.000000000000000000e+00,0.000000000000000000e+00,-1.005716403006782500e-01,-6.073835764918476343e+02,-2.543643917930908747e-03
0.000000000000000000e+00,-5.131253494408809068e+00,-2.224787723312561916e+00,0.000000000000000000e+00,0.000000000000000000e+00,-1.105567220470238116e-01,-6.126568140089511871e+02,-2.851401204060519286e-03
0.000000000000000000e+00,-4.582645973551018770e+00,-2.061358389798615853e+00,0.000000000000000000e+00,0.000000000000000000e+00,-1.201013934482532963e-01,-8.214889879599213600e+02,-2.862255711919619791e-03
0.000000000000000000e+00,-2.541757292754792008e+00,-1.061813966943585541e+00,0.000000000000000000e+00,0.000000000000000000e+00,-5.856059979380824621e-02,-3.799698080532252789e+02,-1.436567618035471247e-03
0.000000000000000000e+00,2.919255316412574075e+00,1.224328982832394219e+00,0.000000000000000000e+00,0.000000000000000000e+00,5.140370406260292846e-01,7.110035406146198511e+02,6.520704444335593923e-03
0.000000000000000000e+00,-1.075704311306831640e+00,-2.319534448663429060e+00,0.000000000000000000e+00,0.000000000000000000e+00,-6.671645203037256111e-02,-1.197303136736154556e+02,-1.023058641616769347e-03
0.000000000000000000e+00,-4.445080642627438072e-01,-2.001506096131679069e+00,0.000000000000000000e+00,0.000000000000000000e+00,-4.632646141221302694e-02,-5.418862107163295150e+01,-4.979137820822600660e-04
0.000000000000000000e+00,-2.919506575036027396e+00,-1.143566613796980658e+00,0.000000000000000000e+00,0.000000000000000000e+00,-1.232812115274349640e+00,-7.953750775083899498e+02,-7.894414583826824330e-03
0.000000000000000000e+00,-1.783619918036482010e+00,-6.739683719877169743e-01,0.000000000000000000e+00,0.000000000000000000e+00,-7.790597108910072288e-01,-5.017670193500816822e+02,-4.980856338236800199e-03
0.000000000000000000e+00,2.331953092178598919e+00,8.360212448454364953e-01,0.000000000000000000e+00,0.000000000000000000e+00,1.078203557564696879e+00,6.892849113661795855e+02,6.852170633906255921e-03
0.000000000000000000e+00,3.030126313153223894e+00,1.029420721962020169e+00,0.000000000000000000e+00,0.000000000000000000e+00,1.490783985581460858e+00,9.420598544552922249e+02,9.374202737119540635e-03
0.000000000000000000e+00,1.870486766136811418e+00,5.166668687454037956e-01,0.000000000000000000e+00,0.000000000000000000e+00,1.166760463841684858e+00,6.872367645129561424e+02,6.874515711307522745e-03
0.000000000000000000e+00,1.483719173972583905e+00,2.980594166423135016e-01,0.000000000000000000e+00,0.000000000000000000e+00,1.193571708033808187e+00,6.297436616066843271e+02,6.338569558299095817e-03
0.000000000000000000e+00,-9.086870534346332962e-01,-1.038906593975063991e-01,0.000000000000000000e+00,0.000000000000000000e+00,-9.306056912506437406e-01,-4.276144566833972931e+02,-4.331425905892251696e-03
0.000000000000000000e+00,2.448363827992316652e-02,2.028370484639279159e+00,0.000000000000000000e+00,0.000000000000000000e+00,1.649423581092763214e-01,8.498502127826213837e+00,1.013458957109103492e-04
0.000000000000000000e+00,-2.084861304527370063e+00,-8.788233397435117888e-01,0.000000000000000000e+00,0.000000000000000000e+00,-8.297956136241000369e-01,-5.341928551346063614e+02,-5.297882826019750281e-03
0.000000000000000000e+00,2.463171794425996541e+00,1.000956074988020195e+00,0.000000000000000000e+00,0.000000000000000000e+00,1.008732895817572084e+00,6.504454280138015747e+02,6.457117900784589345e-03
0.000000000000000000e+00,1.610903470472403676e+00,-1.646584781016707355e+00,0.000000000000000000e+00,0.000000000000000000e+00,-3.021344305249710760e-01,-7.866508320383727551e+02,-6.259830493757223557e-03
0.000000000000000000e+00,-1.616437722087272766e+00,1.893421007535408984e+00,0.000000000000000000e+00,0.000000000000000000e+00,4.729099906063252701e-01,9.550041915625333786e+02,8.203791598207896621e-03
0.000000000000000000e+00,-2.111734595118893498e+00,2.141903401238078875e+00,0.000000000000000000e+00,0.000000000000000000e+00,2.366043126763296700e-01,1.056915966428816319e+03,6.342675187490932377e-03
0.000000000000000000e+00,-1.782692238510167337e+00,1.670463103841879571e+00,0.000000000000000000e+00,0.000000000000000000e+00,2.344072896833557795e-01,7.979346839450299740e+02,5.674617206654768674e-03
0.000000000000000000e+00,-2.486088774344197283e-01,2.470087154418092457e+00,0.000000000000000000e+00,0.000000000000000000e+00,2.023071084580273238e-01,1.255979525387287140e+03,5.330373277708455419e-03
0.000000000000000000e+00,-8.060528290831253662e-01,1.686160917218793243e+00,0.000000000000000000e+00,0.000000000000000000e+00,1.498195566988335392e-01,8.573834440093487501e+02,4.050219753652987108e-03
0.000000000000000000e+00,1.829406000490676476e+00,2.024923644515718824e+00,0.000000000000000000e+00,0.000000000000000000e+00,1.426198678864218916e-01,9.888034399691969156e+02,3.470309941722676383e-03
0.000000000000000000e+00,6.536827285560344869e-01,1.756101127502830428e+00,0.000000000000000000e+00,0.000000000000000000e+00,1.330819531649420906e-01,8.821818597859237343e+02,3.369834441021456271e-03
0.000000000000000000e+00,-3.306960211025760987e+00,-1.746523369455254659e+00,0.000000000000000000e+00,0.000000000000000000e+00,-1.078859313431452388e-01,-7.602988796270437888e+02,-2.532872051985129123e-03
0.000000000000000000e+00,-2.641746717693690627e+00,-1.842183504093713786e+00,0.000000000000000000e+00,0.000000000000000000e+00,-1.211954821996484577e-01,-8.581505607652943581e+02,-2.864507462993482172e-03
0.000000000000000000e+00,1.249365950327974151e+00,5.941113464330272098e-01,0.000000000000000000e+00,0.000000000000000000e+00,1.057433287342524064e+00,9.975303746494464576e+02,9.593013626243596104e-03
0.000000000000000000e+00,-1.398378525540918460e+00,-6.956849341027260269e-01,0.000000000000000000e+00,0.000000000000000000e+00,-6.970353668237860845e-01,-8.077161612473428249e+02,-7.595134192631317060e-03
0.000000000000000000e+00,3.240072703286999145e-01,1.530571618082856578e+00,0.000000000000000000e+00,0.000000000000000000e+00,8.539640333834318531e-01,1.805367245804518461e+02,1.970875814524341175e-03
0.000000000000000000e+00,-8.437514879527232559e-01,-1.629539976520592015e-01,0.000000000000000000e+00,0.000000000000000000e+00,-1.156687184952997383e+00,-7.656995221148245037e+02,-7.571726513579566872e-03
0.000000000000000000e+00,2.869243685877798544e+00,1.242882525915694814e+00,0.000000000000000000e+00,0.000000000000000000e+00,7.386849790952847439e-01,1.002411260779947042e+03,9.234906321074308824e-03
0.000000000000000000e+00,-3.047946289050623481e+00,-1.296077832420559739e+00,0.000000000000000000e+00,0.000000000000000000e+00,-7.148045523273663937e-01,-9.829200156964361668e+02,-9.032010803359618450e-03
0.000000000000000000e+00,-1.952695855717641482e+00,-9.208628149147864983e-01,0.000000000000000000e+00,0.000000000000000000e+00,-7.295211272510518929e-01,-9.166957577690482140e+02,-8.533236054611384458e-03
0.000000000000000000e+00,3.584304531835403651e+00,1.587376892060873734e+00,0.000000000000000000e+00,0.000000000000000000e+00,1.019809141433467570e+00,1.360259183138608932e+03,1.256511507569777614e-02
0.000000000000000000e+00,3.426809486531039894e+00,1.438312298601271300e+00,0.000000000000000000e+00,0.000000000000000000e+00,7.381826955618620012e-01,1.023604619220830500e+03,9.392411872652857777e-03
0.000000000000000000e+00,-3.094850391581816407e+00,-1.289640309583822253e+00,0.000000000000000000e+00,0.000000000000000000e+00,-6.175460595935453600e-01,-8.597124452590942383e+02,-7.880313875252044353e-03
0.000000000000000000e+00,2.692563871384480390e+00,1.875247518014750758e+00,0.000000000000000000e+00,0.000000000000000000e+00,2.380894487733644649e-01,1.088755439676344395e+03,6.404454585964608829e-03
0.000000000000000000e+00,-3.623349248555989721e+00,-1.998913999090163873e+00,0.000000000000000000e+00,0.000000000000000000e+00,-2.370799669527554054e-01,-1.098790371091105044e+03,-6.373518846454410795e-03
0.000000000000000000e+00,3.621066320448218967e+00,1.702427012639650350e+00,0.000000000000000000e+00,0.000000000000000000e+00,1.892605100968786092e-01,8.744462620634585619e+02,5.069719718857339415e-03
0.000000000000000000e+00,5.838818600104664469e+00,2.482003620448007375e+00,0.000000000000000000e+00,0.000000000000000000e+00,2.594527875835863640e-01,1.175771024212241173e+03,6.901429254903466981e-03
0.000000000000000000e+00,-6.143101075730024174e-01,1.571866191382830014e+00,0.000000000000000000e+00,0.000000000000000000e+00,3.094925585732853923e-01,1.043614835374057293e+03,7.448592148177455088e-03
0.000000000000000000e+00,4.260065197556724970e-01,1.563377228314539291e+00,0.000000000000000000e+00,0.000000000000000000e+00,2.487960694368558379e-01,1.002199882932007313e+03,6.469232979499216218e-03
0.000000000000000000e+00,-1.280866611365229391e+00,-2.016030757333962420e+00,0.000000000000000000e+00,0.000000000000000000e+00,-2.964970973254160702e-01,-1.262337105881422758e+03,-7.844844291482244714e-03
0.000000000000000000e+00,1.867426066554605857e+00,1.809287060996155327e+00,0.000000000000000000e+00,0.000000000000000000e+00,2.467886060168952289e-01,1.096614215910434723e+03,6.603999390256135721e-03
0.000000000000000000e+00,-3.112844924800886481e+00,-1.443172899678251797e+00,0.000000000000000000e+00,0.000000000000000000e+00,-4.772312361093879463e-01,-6.185084474273025990e+02,-5.711441008083288640e-03
0.000000000000000000e+00,-3.209522279910882236e+00,-1.435302017345341463e+00,0.000000000000000000e+00,0.000000000000000000e+00,-5.024761490229600058e-01,-6.660282658729702234e+02,-6.134753422000080447e-03
0.000000000000000000e+00,-2.445374621579700758e+00,-1.490560628679798549e+00,0.000000000000000000e+00,0.000000000000000000e+00,-3.787884160928687849e-01,-4.177991802785545588e+02,-3.925844273750907741e-03
0.000000000000000000e+00,-2.410003034685353818e+00,-1.258829992265871223e+00,0.000000000000000000e+00,0.000000000000000000e+00,-3.633972290844565411e-01,-4.383716280125081539e+02,-4.081294280052998220e-03
0.000000000000000000e+00,4.926536966269297935e+00,1.989511208538043530e+00,0.000000000000000000e+00,0.000000000000000000e+00,1.960648978348919769e-01,8.587359688617289066e+02,5.151930674279694457e-03
0.000000000000000000e+00,4.555662716621341701e+00,1.822998621471716874e+00,0.000000000000000000e+00,0.000000000000000000e+00,1.697326800198603602e-01,7.088821523906663060e+02,4.383825974619674076e-03
0.000000000000000000e+00,3.428183820960749806e+00,1.489930147202047861e+00,0.000000000000000000e+00,0.000000000000000000e+00,5.531350200439024700e-01,7.466455500610172749e+02,6.866177679248576873e-03
0.000000000000000000e+00,-3.855100355313727967e+00,-1.639181927592672450e+00,0.000000000000000000e+00,0.000000000000000000e+00,-6.465265222150389235e-01,-8.856630077101290226e+02,-8.127030236406432989e-03
0.000000000000000000e+00,-1.229163501130692726e+00,-2.090448211174261051e+00,0.000000000000000000e+00,0.000000000000000000e+00,-3.085631013331346928e-01,-1.936765564456582069e+02,-1.890775768943517721e-03
0.000000000000000000e+00,2.279571266424502252e+00,2.033934419882599265e+00,0.000000000000000000e+00,0.000000000000000000e+00,4.089880015767321519e-01,3.642930044382810593e+02,3.488152538328779997e-03
0.000000000000000000e+00,-7.355347768144354648e-01,9.515100515134834458e-01,0.000000000000000000e+00,0.000000000000000000e+00,4.228397348074185991e-01,7.476370803108438849e+02,6.589100467957259392e-03
0.000000000000000000e+00,5.484512387912594544e-01,-9.420306939468143792e-01,0.000000000000000000e+00,0.000000000000000000e+00,-9.424091349900868275e-01,-1.114537162164226174e+03,-1.047951802257196183e-02
0.000000000000000000e+00,2.970952398634750177e-02,2.538705731390599185e-01,0.000000000000000000e+00,0.000000000000000000e+00,1.018234380739793332e+00,8.460515487715601921e+02,8.213820138524612069e-03
0.000000000000000000e+00,1.457769759977873558e-01,2.816345942283716486e+00,0.000000000000000000e+00,0.000000000000000000e+00,3.933088190324245947e-01,8.793430031090974808e+01,9.659793926246832557e-04
0.000000000000000000e+00,-2.674501723174271262e-01,-6.924542672063587201e-01,0.000000000000000000e+00,0.000000000000000000e+00,-6.847497794730376119e-01,-2.751081673018634319e+02,-2.872686895155122933e-03
0.000000000000000000e+00,-7.037651756747113907e-02,-2.185984519042367680e+00,0.000000000000000000e+00,0.000000000000000000e+00,-2.738881772246680446e-02,-1.094442044757306576e+01,-1.076841468372200574e-04
0.000000000000000000e+00,1.606550425429746631e-01,2.418246216453708630e+00,0.000000000000000000e+00,0.000000000000000000e+00,3.850564231606177362e-02,2.288448319211602211e+01,2.221859014282590646e-04
0.000000000000000000e+00,-2.584846257595038166e-01,-2.214825910706973211e+00,0.000000000000000000e+00,0.000000000000000000e+00,-4.214250642303613709e-02,-3.426414274424314499e+01,-3.262831621227055799e-04
0.000000000000000000e+00,7.984545145018555612e-01,-1.127439340864526907e+00,0.000000000000000000e+00,0.000000000000000000e+00,-2.814674869688623127e-01,-7.699297478757798672e+02,-6.001357670487547126e-03
0.000000000000000000e+00,-1.488390605178569359e+00,1.864691294902347085e+00,0.000000000000000000e+00,0.000000000000000000e+00,6.086050069687961583e-01,1.336402661637403071e+03,1.117752242468320750e-02
0.000000000000000000e+00,1.622902750818121798e-01,1.750111405940866005e+00,0.000000000000000000e+00,0.000000000000000000e+00,4.343661416061566638e-01,9.574759132415056229e+01,1.049450216551540103e-03
0.000000000000000000e+00,-7.067926130781012617e-01,-1.874959885363275125e-01,0.000000000000000000e+00,0.000000000000000000e+00,-1.688340539033489796e+00,-1.197441596855875105e+03,-1.175737769419618432e-02
0.000000000000000000e+00,-4.613437441934481464e-02,-2.194099116821905504e+00,0.000000000000000000e+00,0.000000000000000000e+00,-3.464985296316571567e-02,-8.041287420783191919e+00,-7.952255285380885027e-05
0.000000000000000000e+00,3.397558660137552367e-01,8.255788562153444365e-01,0.000000000000000000e+00,0.000000000000000000e+00,8.168055316199210880e-01,2.815697245011106133e+02,2.972533724603740584e-03
0.000000000000000000e+00,5.596726207394731034e-01,1.195525540316722202e+00,0.000000000000000000e+00,0.000000000000000000e+00,8.789221874489820951e-01,1.329639232515357435e+03,1.202432779232668648e-02
0.000000000000000000e+00,-8.639441652642803060e-01,-1.249160953358768866e+00,0.000000000000000000e+00,0.000000000000000000e+00,-7.029559122819850625e-01,-1.228231306709349155e+03,-1.081225700089393470e-02
0.000000000000000000e+00,-3.998527115164527967e-01,-5.221994667289336922e-01,0.000000000000000000e+00,0.000000000000000000e+00,-1.176777262518986511e+00,-1.122407967440783978e+03,-1.075767570096895082e-02
0.000000000000000000e+00,3.224931705006012783e-01,8.264276864451030047e-01,0.000000000000000000e+00,0.000000000000000000e+00,8.272102756581117822e-01,1.074012753173708916e+03,9.944390652041253456e-03
0.000000000000000000e+00,1.616315969287089871e+00,1.531014117822797171e+00,0.000000000000000000e+00,0.000000000000000000e+00,6.807973190342448966e-01,1.349212977625429630e+03,1.156034046857395796e-02
0.000000000000000000e+00,1.429467202271035298e+00,9.390014776371974348e-01,0.000000000000000000e+00,0.000000000000000000e+00,3.384647273691662739e-01,7.398921423386782408e+02,6.181992455218138227e-03
-1.144590914985479067e-02,0.000000000000000000e+00,0.000000000000000000e+00,-2.027629377946660760e+00,-7.152838641239685213e-02,0.000000000000000000e+00,-2.660587970167398453e+00,-2.291641326170307569e-05
6.333364581436080609e-01,0.000000000000000000e+00,0.000000000000000000e+00,1.453465852261850710e-01,1.269019028963462636e+00,0.000000000000000000e+00,2.862633412568829954e+02,3.039808296952284123e-03
5.535306246269781905e-02,0.000000000000000000e+00,0.000000000000000000e+00,2.741256922952310937e+00,1.721858752809590221e-01,0.000000000000000000e+00,1.181291069835424423e+01,1.073699481214497673e-04
2.498765445131284624e-02,0.000000000000000000e+00,0.000000000000000000e+00,2.460356101271243379e+00,1.134378169306233253e-01,0.000000000000000000e+00,5.586197721015196294e+00,4.942377060874902391e-05
-2.547048128643459308e-01,0.000000000000000000e+00,0.000000000000000000e+00,-2.035364130096943391e+00,-2.886382539099575650e-01,0.000000000000000000e+00,-4.816377851366996765e+01,-4.599592961344082468e-04
9.202667340620666880e-02,0.000000000000000000e+00,0.000000000000000000e+00,2.004255876600782749e+00,1.815311779933038716e-01,0.000000000000000000e+00,1.856828071922063828e+01,1.730729450213852822e-04
-7.311742049518936692e-01,0.000000000000000000e+00,0.000000000000000000e+00,-1.731288274436779906e+00,-4.376905327874818785e-01,0.000000000000000000e+00,-1.314888706933706999e+02,-1.278239507302205693e-03
4.245900861868152631e-01,0.000000000000000000e+00,0.000000000000000000e+00,1.895210575123241092e+00,3.515156611015115562e-01,0.000000000000000000e+00,7.784645548835396767e+01,7.513332992629833968e-04
1.766519737542953772e+00,0.000000000000000000e+00,0.000000000000000000e+00,3.396512860603208006e-01,1.360891539098427749e+00,0.000000000000000000e+00,6.869407614432275295e+02,6.851359458177638632e-03
5.726829213140415265e-01,0.000000000000000000e+00,0.000000000000000000e+00,6.734808907318696747e-01,1.496854904045640700e+00,0.000000000000000000e+00,2.409377325847744942e+02,2.651859581569732810e-03
2.197080991244866888e-01,0.000000000000000000e+00,0.000000000000000000e+00,1.611064441139562708e+00,9.006832010016482259e-01,0.000000000000000000e+00,8.013167194090783596e+01,9.377113411196932912e-04
1.811117745374434040e+00,0.000000000000000000e+00,0.000000000000000000e+00,4.834414681820036752e-01,1.092170932268036854e+00,0.000000000000000000e+00,6.114181655105203390e+02,6.052982202666672661e-03
8.097169288540341514e-02,0.000000000000000000e+00,0.000000000000000000e+00,3.278658660784001810e-01,1.314825297529010451e+00,0.000000000000000000e+00,1.099517118424177170e+03,1.051136320123707661e-02
-1.088401881924997011e-01,0.000000000000000000e+00,0.000000000000000000e+00,-2.048807160727185384e+00,-2.861127482599992722e-01,0.000000000000000000e+00,-6.058334116637706757e+01,-6.772962544005541995e-04
1.444406339047343002e-01,0.000000000000000000e+00,0.000000000000000000e+00,2.456094735579814614e+00,3.904763106275842971e-02,0.000000000000000000e+00,2.064693822339177132e+01,1.952203975475951220e-04
2.209650464963820449e-01,0.000000000000000000e+00,0.000000000000000000e+00,2.174869487386454026e+00,4.129418790374643489e-02,0.000000000000000000e+00,2.948293580487370491e+01,2.749189726771911505e-04
-3.827027658914081143e-01,0.000000000000000000e+00,0.000000000000000000e+00,-9.321128173266729489e-01,-9.212742326393789094e-01,0.000000000000000000e+00,-3.603093096390366554e+02,-3.765863576238744591e-03
-5.396893271806382092e-02,0.000000000000000000e+00,0.000000000000000000e+00,-1.857240664219786286e+00,-2.324576480414178650e-02,0.000000000000000000e+00,-8.396261006593704224e+00,-7.993398679779066562e-05
1.782633574245565455e+00,0.000000000000000000e+00,0.000000000000000000e+00,3.109856232175200574e+00,1.002638400554886483e-01,0.000000000000000000e+00,1.921113309115171432e+02,1.558050867762340560e-03
1.974161091154065240e+00,0.000000000000000000e+00,0.000000000000000000e+00,2.291450818057364724e+00,8.360507721736526454e-02,0.000000000000000000e+00,2.053309674561023712e+02,1.542183164492550145e-03
-4.518377575188627371e-01,0.000000000000000000e+00,0.000000000000000000e+00,-2.382639162465676197e+00,-5.499195538865010030e-02,0.000000000000000000e+00,-5.562491782382130623e+01,-5.035945833623539777e-04
9.276428776508038876e-01,0.000000000000000000e+00,0.000000000000000000e+00,2.394043581281967814e+00,6.862917999777214118e-02,0.000000000000000000e+00,1.044266472347080708e+02,8.915007318917163260e-04
-8.715903275152340202e-01,0.000000000000000000e+00,0.000000000000000000e+00,-2.905059295526803087e+00,-1.189775869804417796e-01,0.000000000000000000e+00,-1.117513043959625065e+02,-1.022395138955978612e-03
-3.605409618214340250e-01,0.000000000000000000e+00,0.000000000000000000e+00,-2.162558963124776135e+00,-7.291815491328508536e-02,0.000000000000000000e+00,-4.941176166757941246e+01,-4.628825283302543466e-04
-2.443333787788723455e-01,0.000000000000000000e+00,0.000000000000000000e+00,-2.475554071235158027e+00,-6.992681300114728105e-02,0.000000000000000000e+00,-3.557809469476342201e+01,-3.372240331447523597e-04
1.016126631516126033e-01,0.000000000000000000e+00,0.000000000000000000e+00,2.511382784221414255e+00,5.189839894817668137e-02,0.000000000000000000e+00,1.635503528453409672e+01,1.559937724889019154e-04
4.622854130388596994e-02,0.000000000000000000e+00,0.000000000000000000e+00,2.379127462019257955e+00,3.754208249979944234e-02,0.000000000000000000e+00,8.033274628221988678e+00,7.629499798334511815e-05
4.271127101574383467e-01,0.000000000000000000e+00,0.000000000000000000e+00,9.856643719786397639e-01,9.749176454088995802e-01,0.000000000000000000e+00,3.251124585871584713e+02,3.445176881931808714e-03
1.506490401562813886e-01,0.000000000000000000e+00,0.000000000000000000e+00,1.584363686926157921e+00,3.932157678535528889e-01,0.000000000000000000e+00,8.204261001944541931e+01,9.151804487457723420e-04
-7.030956509673663701e-01,0.000000000000000000e+00,0.000000000000000000e+00,-1.609323823604540959e-01,-1.448855113871990286e+00,0.000000000000000000e+00,-1.022045132471248507e+03,-9.896072377751329030e-03
4.973653348157107690e-01,0.000000000000000000e+00,0.000000000000000000e+00,4.878899968233583739e-01,1.099414112336849270e+00,0.000000000000000000e+00,1.045405018709599972e+03,9.880742934126794663e-03
-6.085290430552233731e-01,0.000000000000000000e+00,0.000000000000000000e+00,-9.521786915856625955e-01,-9.529769241022088000e-01,0.000000000000000000e+00,-1.233419773032888770e+03,-1.122317833404936835e-02
-3.314835984088334436e-02,0.000000000000000000e+00,0.000000000000000000e+00,-1.982092228390764932e+00,-2.777464991350135359e-01,0.000000000000000000e+00,-9.961491141468286514e+00,-1.284686878859921902e-04
8.067721197687467705e-02,0.000000000000000000e+00,0.000000000000000000e+00,1.947403613564445468e+00,4.847063210371428954e-01,0.000000000000000000e+00,2.636206418275833130e+01,3.247494794017584613e-04
-1.962797633725008387e-02,0.000000000000000000e+00,0.000000000000000000e+00,-2.460895080195012241e+00,-2.208168879911074078e-01,0.000000000000000000e+00,-5.508895592764019966e+00,-7.451065124763706570e-05
2.162699090469729857e+00,0.000000000000000000e+00,0.000000000000000000e+00,7.240765480288477995e-01,1.049042695666719149e+00,0.000000000000000000e+00,6.233095019161701202e+02,6.142103329683740696e-03
-2.978601261115491727e+00,0.000000000000000000e+00,0.000000000000000000e+00,-1.058317864523668383e+00,-1.365482067538777322e+00,0.000000000000000000e+00,-8.189658601507544518e+02,-8.050770019174379594e-03
3.118163010625844001e-01,0.000000000000000000e+00,0.000000000000000000e+00,-7.890293180843901411e-01,-7.869946452872825793e-01,0.000000000000000000e+00,-7.321726858690381050e+02,-7.062243280268161276e-03
-7.780133015505672489e-01,0.000000000000000000e+00,0.000000000000000000e+00,1.679603996894209139e+00,4.186522810763865232e-01,0.000000000000000000e+00,5.892010834948159754e+02,5.409618514858988494e-03
-7.234836934888666526e-01,0.000000000000000000e+00,0.000000000000000000e+00,-1.973438646214451843e-03,-1.318564780783406221e+00,0.000000000000000000e+00,-2.533215821050107479e+02,-2.660954104553009143e-03
-7.128813708736241317e-01,0.000000000000000000e+00,0.000000000000000000e+00,-1.948196973859795452e-03,-1.439516427992458159e+00,0.000000000000000000e+00,-2.367238807007670403e+02,-2.498227115961588422e-03
6.638379200516464351e-01,0.000000000000000000e+00,0.000000000000000000e+00,1.828720074491632739e-03,1.661613833238411830e+00,0.000000000000000000e+00,2.046674991995096207e+02,2.177205578884467470e-03
5.501690130940714019e-01,0.000000000000000000e+00,0.000000000000000000e+00,1.523280951607794854e-03,1.700238216599902374e+00,0.000000000000000000e+00,1.615877045895904303e+02,1.726856881080702675e-03
4.995799931503049907e-01,0.000000000000000000e+00,0.000000000000000000e+00,1.367014157382976172e-03,1.889295362678156120e+00,0.000000000000000000e+00,1.421253994032740593e+02,1.524359201409713864e-03
3.237163894223177851e-01,0.000000000000000000e+00,0.000000000000000000e+00,8.963994147373821131e-04,1.764680749712033592e+00,0.000000000000000000e+00,8.842834985256195068e+01,9.524397078091460583e-04
1.878746120208182879e-01,0.000000000000000000e+00,0.000000000000000000e+00,5.185718214561811862e-04,1.517269105858511935e+00,0.000000000000000000e+00,4.998964451253414154e+01,5.399833680079296414e-04
1.814408540191341790e-01,0.000000000000000000e+00,0.000000000000000000e+00,5.091147201426772257e-04,2.049088449292304492e+00,0.000000000000000000e+00,4.756904652714729309e+01,5.147652943073986916e-04
-4.302995645822879744e+00,0.000000000000000000e+00,0.000000000000000000e+00,-1.763711939075973456e+00,-3.922873911684028880e-01,0.000000000000000000e+00,-8.095262051522731781e+02,-6.631609562015841966e-03
5.524384594445124641e+00,0.000000000000000000e+00,0.000000000000000000e+00,2.272067583866807627e+00,2.124845915411100183e-01,0.000000000000000000e+00,7.697481877170503139e+02,4.901664981541183422e-03
5.439617455412840030e+00,0.000000000000000000e+00,0.000000000000000000e+00,2.163188064981791836e+00,2.142533101937318385e-01,0.000000000000000000e+00,8.233210986182093620e+02,5.063965931942282159e-03
4.398088841083968248e+00,0.000000000000000000e+00,0.000000000000000000e+00,1.747977907781105733e+00,1.836730046541274197e-01,0.000000000000000000e+00,7.407161234747618437e+02,4.418510351850373982e-03
4.914353850837283488e+00,0.000000000000000000e+00,0.000000000000000000e+00,2.030774306164349952e+00,2.268779634802817746e-01,0.000000000000000000e+00,9.477185913305729628e+02,5.527801894257480288e-03
-2.408744610043578760e+00,0.000000000000000000e+00,0.000000000000000000e+00,-2.092536384026498997e+00,-1.348600014567462035e-01,0.000000000000000000e+00,-2.785569601021707058e+02,-2.229323836451328842e-03
-3.505189688353149258e+00,0.000000000000000000e+00,0.000000000000000000e+00,-2.192824485108447075e+00,-1.606101528852575677e-01,0.000000000000000000e+00,-4.111712234094738960e+02,-3.073242200479118450e-03
-5.275586659741702711e+00,0.000000000000000000e+00,0.000000000000000000e+00,-2.506399495850716974e+00,-2.097702964495141154e-01,0.000000000000000000e+00,-6.590820333100855350e+02,-4.520541649061505379e-03
-4.942468723608590686e+00,0.000000000000000000e+00,0.000000000000000000e+00,-2.160665403537215035e+00,-1.910488707090774729e-01,0.000000000000000000e+00,-6.467695979438722134e+02,-4.273076335276623089e-03
1.234131341062005838e+00,0.000000000000000000e+00,0.000000000000000000e+00,2.141297688961462331e+00,1.087391001147395286e-01,0.000000000000000000e+00,1.481985287480056286e+02,1.295616452024951626e-03
-1.891844957718403997e+00,0.000000000000000000e+00,0.000000000000000000e+00,-2.323465207945996536e+00,-1.325260581782692626e-01,0.000000000000000000e+00,-2.214577262029051781e+02,-1.864251587944855057e-03
-3.709120974686257455e-01,0.000000000000000000e+00,0.000000000000000000e+00,-1.708723132434193159e+00,-9.533437033496886537e-01,0.000000000000000000e+00,-1.909445002432912588e+02,-2.115884571244137664e-03
1.388190579593674645e+00,0.000000000000000000e+00,0.000000000000000000e+00,1.514610468633919294e-01,1.357332079002762759e+00,0.000000000000000000e+00,5.992065037786960602e+02,6.024181966236686996e-03
1.298068199177133453e+00,0.000000000000000000e+00,0.000000000000000000e+00,3.508159198104755967e-03,1.994790996378348558e+00,0.000000000000000000e+00,5.348181726706679910e+02,5.549256368312407289e-03
-1.019397988821023837e+00,0.000000000000000000e+00,0.000000000000000000e+00,-2.734579213871593181e-03,-1.490446604656235685e+00,0.000000000000000000e+00,-4.762656151056289673e+02,-4.895895166510263845e-03
-4.035511679835209198e-01,0.000000000000000000e+00,0.000000000000000000e+00,-2.114787967538758195e+00,-1.342121384623525815e-01,0.000000000000000000e+00,-6.159657529741525650e+01,-5.877062936993880660e-04
-2.364464728748685018e-01,0.000000000000000000e+00,0.000000000000000000e+00,-2.842672995199717167e+00,-1.320965732726125108e-01,0.000000000000000000e+00,-3.905573854595422745e+01,-3.734112279862937230e-04
9.573893939015767907e-02,0.000000000000000000e+00,0.000000000000000000e+00,2.323870786425892287e+00,8.248416369931019232e-02,0.000000000000000000e+00,1.690136374160647392e+01,1.606898858480386601e-04
-5.401309038460825329e-01,0.000000000000000000e+00,0.000000000000000000e+00,-5.162442569948735294e-01,-1.145322357879803965e+00,0.000000000000000000e+00,-3.580820306986570358e+02,-3.772489550322342348e-03
-4.403572176353735546e-01,0.000000000000000000e+00,0.000000000000000000e+00,-9.315389076900551556e-04,-1.298002580990014643e+00,0.000000000000000000e+00,-7.843946123942732811e+02,-7.667135331348404713e-03
-3.710120419591548258e-01,0.000000000000000000e+00,0.000000000000000000e+00,-6.805177952111169564e-04,-1.490325622495471736e+00,0.000000000000000000e+00,-9.468865888267755508e+02,-9.199065586546059312e-03
-2.590550411589032098e-01,0.000000000000000000e+00,0.000000000000000000e+00,-3.330368726635122949e-04,-1.511017140795321234e+00,0.000000000000000000e+00,-9.967482228279113770e+02,-9.635316075761341317e-03
1.142865390552931348e+00,0.000000000000000000e+00,0.000000000000000000e+00,3.019848871166283966e-03,1.670246451544598054e+00,0.000000000000000000e+00,6.367554236338473856e+02,6.479710117438997399e-03
9.785526328955158615e-01,0.000000000000000000e+00,0.000000000000000000e+00,2.539007408039960136e-03,1.547332151908032527e+00,0.000000000000000000e+00,7.003372960761189461e+02,7.040680567143371010e-03
-7.591654457315804017e-01,0.000000000000000000e+00,0.000000000000000000e+00,-1.874144329080808507e-03,-1.478504636541066564e+00,0.000000000000000000e+00,-7.838058733697980642e+02,-7.769316507256017641e-03
-6.249117940818926797e-01,0.000000000000000000e+00,0.000000000000000000e+00,-1.447550359969543027e-03,-1.451019483731319282e+00,0.000000000000000000e+00,-8.251981260851025581e+02,-8.119006249723462187e-03
1.129961912922419875e+00,0.000000000000000000e+00,0.000000000000000000e+00,2.303856235632748106e+00,3.761608219796936520e-02,0.000000000000000000e+00,1.067849247064441442e+02,7.488379104228104098e-04
-6.853595277979226408e-01,0.000000000000000000e+00,0.000000000000000000e+00,-2.231811353137585829e+00,-3.213347849775546883e-02,0.000000000000000000e+00,-6.879831148870289326e+01,-5.375497504611269567e-04
-3.044631273355539403e+00,0.000000000000000000e+00,0.000000000000000000e+00,-2.359345416881985180e+00,-5.014431769910093067e-02,0.000000000000000000e+00,-2.720667999573051929e+02,-1.096797106516803240e-03
2.264846584259319506e+00,0.000000000000000000e+00,0.000000000000000000e+00,2.825767806184502628e+00,5.261322388476608741e-02,0.000000000000000000e+00,2.039506760947406292e+02,1.183662076679122292e-03
-4.044055708431717910e+00,0.000000000000000000e+00,0.000000000000000000e+00,-2.309650819999677474e+00,-5.428495379912644941e-02,0.000000000000000000e+00,-3.865853793695569038e+02,-8.514229669204109339e-04
3.481712132707782015e+00,0.000000000000000000e+00,0.000000000000000000e+00,2.283111213612156742e+00,5.107680148807999115e-02,0.000000000000000000e+00,3.178583007138222456e+02,1.003485624594902632e-03
4.115419495374299075e+00,0.000000000000000000e+00,0.000000000000000000e+00,2.079517015631169308e+00,5.368529455329752037e-02,0.000000000000000000e+00,4.856665424704551697e+02,1.668667961282132922e-04
-4.448155471140752049e+00,0.000000000000000000e+00,0.000000000000000000e+00,-2.313246562072158063e+00,-5.700972199132826879e-02,0.000000000000000000e+00,-4.610118875801563263e+02,-5.679982664647053410e-04
4.156016939151728096e+00,0.000000000000000000e+00,0.000000000000000000e+00,1.752280465211104588e+00,3.671203180394412846e-01,0.000000000000000000e+00,7.337214937061071396e+02,6.061885861416912123e-03
-6.077315468382860075e-01,0.000000000000000000e+00,0.000000000000000000e+00,-3.056525511660136196e+00,-3.906949679159425759e-02,0.000000000000000000e+00,-6.484957357123494148e+01,-5.416992375724598383e-04
2.526721343645468298e-01,0.000000000000000000e+00,0.000000000000000000e+00,2.740172786304022612e+00,2.815226094531985551e-02,0.000000000000000000e+00,3.012356990203261375e+01,2.704756914822116606e-04
1.589643001630663743e+00,0.000000000000000000e+00,0.000000000000000000e+00,1.055375972794692307e+00,6.004121031718224755e-01,0.000000000000000000e+00,3.174948940910398960e+02,3.107698391666034558e-03
2.092464213412050356e+00,0.000000000000000000e+00,0.000000000000000000e+00,1.070504626309029428e+00,7.943882890336096958e-01,0.000000000000000000e+00,4.577146301902830601e+02,4.482893093117905695e-03
1.915445402542632847e+00,0.000000000000000000e+00,0.000000000000000000e+00,9.135220987195037390e-01,7.395899271512120787e-01,0.000000000000000000e+00,4.335008613765239716e+02,4.248885876424935218e-03
2.195180883886173273e+00,0.000000000000000000e+00,0.000000000000000000e+00,9.784525701499968697e-01,8.676889566782465257e-01,0.000000000000000000e+00,5.155684398906305432e+02,5.053395580521137694e-03
-1.850438988019963427e+00,0.000000000000000000e+00,0.000000000000000000e+00,-7.898871175072094131e-01,-7.460904634108121991e-01,0.000000000000000000e+00,-4.461736979158595204e+02,-4.374481147696332971e-03
2.143560025661460422e+00,0.000000000000000000e+00,0.000000000000000000e+00,8.775786321378776789e-01,8.847490776558388781e-01,0.000000000000000000e+00,5.312497469689697027e+02,5.212300148937803503e-03
2.227190458000329887e+00,0.000000000000000000e+00,0.000000000000000000e+00,8.751827424149928314e-01,9.438914424526955171e-01,0.000000000000000000e+00,5.679739030338823795e+02,5.576343873509508747e-03
-2.351618821213097732e+00,0.000000000000000000e+00,0.000000000000000000e+00,-8.869599421952586438e-01,-1.025702465114809669e+00,0.000000000000000000e+00,-6.176538412421941757e+02,-6.063200399665541473e-03
-1.248201933261237739e+00,0.000000000000000000e+00,0.000000000000000000e+00,-1.530429878796845111e+00,-5.576665024781599644e-01,0.000000000000000000e+00,-2.276653206925839186e+02,-2.223297722168192814e-03
1.748383447661153278e+00,0.000000000000000000e+00,0.000000000000000000e+00,1.559128486324328433e+00,7.013277018020883657e-01,0.000000000000000000e+00,3.293681973367929459e+02,3.220646093987326354e-03
1.945054194667519720e+00,0.000000000000000000e+00,0.000000000000000000e+00,-2.418980902867390093e+00,-1.970646892421754337e-01,0.000000000000000000e+00,-6.300542811341583729e+02,-4.432339476481257645e-03
1.441315250853191010e+00,0.000000000000000000e+00,0.000000000000000000e+00,-2.221427649365877777e+00,-2.463347234365969030e-01,0.000000000000000000e+00,-5.821023983918130398e+02,-4.672911312172469377e-03
2.348675428377888785e+00,0.000000000000000000e+00,0.000000000000000000e+00,-2.288183796825387972e+00,-1.114103137986274805e-01,0.000000000000000000e+00,-7.009888000655919313e+02,-2.479498048311246181e-03
1.915672599679506094e+00,0.000000000000000000e+00,0.000000000000000000e+00,-1.961705014683454928e+00,-1.220419428735601136e-01,0.000000000000000000e+00,-5.429729505591094494e+02,-3.031743868267566290e-03
-2.992361557283294005e-01,0.000000000000000000e+00,0.000000000000000000e+00,2.209463126510139208e+00,7.823436045292574137e-02,0.000000000000000000e+00,7.486908212387934327e+02,1.369575761826097586e-04
-1.243339148924604620e+00,0.000000000000000000e+00,0.000000000000000000e+00,2.201207956206606031e+00,8.505528167605976020e-02,0.000000000000000000e+00,7.369861700721085072e+02,7.946928233530752266e-04
-2.416859568384537749e+00,0.000000000000000000e+00,0.000000000000000000e+00,-2.404957480190428765e+00,-7.305532423370859896e-02,0.000000000000000000e+00,-7.722639765255153179e+02,6.553154219905542180e-04
-9.019991203724281315e-01,0.000000000000000000e+00,0.000000000000000000e+00,-2.171323040413580596e+00,-7.089011397927170999e-02,0.000000000000000000e+00,-7.270207990466151386e+02,3.611192923550554440e-04
-4.107464964767900462e+00,0.000000000000000000e+00,0.000000000000000000e+00,-2.217335562939189320e+00,-6.004845365015957365e-02,0.000000000000000000e+00,-5.933664271384477615e+02,2.313256322688670623e-04
-2.970318710539050944e+00,0.000000000000000000e+00,0.000000000000000000e+00,-1.958505967186959129e+00,-5.592518493699655951e-02,0.000000000000000000e+00,-5.835421064719557762e+02,4.719818815170639405e-04
1.690359051129176837e+00,0.000000000000000000e+00,0.000000000000000000e+00,1.194648226104355171e+00,5.314910834929723604e-01,0.000000000000000000e+00,1.025115370631217957e+03,8.632730158720812452e-03
2.517728114734862910e+00,0.000000000000000000e+00,0.000000000000000000e+00,1.345227194142469163e+00,4.853815012261885053e-01,0.000000000000000000e+00,1.015619062725920230e+03,8.359278897655090385e-03
8.679108170219645979e-01,0.000000000000000000e+00,0.000000000000000000e+00,1.158290026280195839e+00,8.516198274787217803e-01,0.000000000000000000e+00,1.278306439034640789e+03,1.135952562743279201e-02
1.131567891452948782e+00,0.000000000000000000e+00,0.000000000000000000e+00,1.111655344046092786e+00,6.257077514075738423e-01,0.000000000000000000e+00,1.076783839458599687e+03,9.309384143914826645e-03
3.911285437015012079e+00,0.000000000000000000e+00,0.000000000000000000e+00,1.685993144695475898e+00,4.865401158546663329e-01,0.000000000000000000e+00,1.059102480992674828e+03,8.603851850429637335e-03
4.241552198113679673e+00,0.000000000000000000e+00,0.000000000000000000e+00,1.760299896933597896e+00,4.742640628337558839e-01,0.000000000000000000e+00,1.030254568520933390e+03,8.363141548903807107e-03
3.165092778076827873e+00,0.000000000000000000e+00,0.000000000000000000e+00,1.549030274864970247e+00,5.171909243956269719e-01,0.000000000000000000e+00,1.104730468470603228e+03,9.037261221593689137e-03
-4.104871807405624295e+00,0.000000000000000000e+00,0.000000000000000000e+00,-1.868893562798515928e+00,-5.792506632151980250e-01,0.000000000000000000e+00,-1.254306907286867499e+03,-1.020811928576626296e-02
-4.088558739425914190e+00,0.000000000000000000e+00,0.000000000000000000e+00,-1.662068802449070848e+00,-4.191372938950848615e-01,0.000000000000000000e+00,-9.016119036888703704e+02,-7.328214582764683294e-03
4.712228532114613344e+00,0.000000000000000000e+00,0.000000000000000000e+00,1.908842769586176269e+00,4.516019898509823771e-01,0.000000000000000000e+00,9.544711319357156754e+02,7.787789461852465817e-03
-5.460969192064276001e+00,0.000000000000000000e+00,0.000000000000000000e+00,-2.255695758314035348e+00,-1.327852928794212295e-01,0.000000000000000000e+00,-7.890582779385149479e+02,-2.986663039264864442e-03
-5.644330929280704900e+00,0.000000000000000000e+00,0.000000000000000000e+00,-2.342551234364473434e+00,-1.304684352633070921e-01,0.000000000000000000e+00,-7.213259794991463423e+02,-3.020283855786811116e-03
5.865874549210276179e+00,0.000000000000000000e+00,0.000000000000000000e+00,2.567228156501558445e+00,1.354390622266524458e-01,0.000000000000000000e+00,6.871160218250006437e+02,3.195013184116118638e-03
4.409401953250879025e+00,0.000000000000000000e+00,0.000000000000000000e+00,2.111195839102077532e+00,1.055580087409001000e-01,0.000000000000000000e+00,4.866360963359475136e+02,2.500006498321442634e-03
-2.570631636940333919e+00,0.000000000000000000e+00,0.000000000000000000e+00,-2.439256699198080636e+00,-1.851697105271161992e-01,0.000000000000000000e+00,-1.187614494830369949e+03,-4.096773038302626430e-03
-3.173469542484584682e+00,0.000000000000000000e+00,0.000000000000000000e+00,-2.027578704410593513e+00,-1.434514993597323929e-01,0.000000000000000000e+00,-9.364324451200664043e+02,-3.088659005344370455e-03
-4.838440571617480757e+00,0.000000000000000000e+00,0.000000000000000000e+00,-2.427258468859148088e+00,-1.608589144622066258e-01,0.000000000000000000e+00,-1.042117805324494839e+03,-3.448370724637675033e-03
4.582162692799108150e+00,0.000000000000000000e+00,0.000000000000000000e+00,2.004621235510973154e+00,1.249968691509661528e-01,0.000000000000000000e+00,7.839926008880138397e+02,2.732489336733151617e-03
-2.714776934264803376e+00,0.000000000000000000e+00,0.000000000000000000e+00,-1.878895154752648011e+00,-2.699503652070742166e-01,0.000000000000000000e+00,-3.830304670720361173e+02,-3.368650446964121473e-03
-3.505141243978092902e+00,0.000000000000000000e+00,0.000000000000000000e+00,-1.939978819713251923e+00,-3.166386466847380121e-01,0.000000000000000000e+00,-5.170758434142917395e+02,-4.443586786130178552e-03
1.654456108671720882e+00,0.000000000000000000e+00,0.000000000000000000e+00,1.914353768145160561e+00,2.173501721009874488e-01,0.000000000000000000e+00,2.282087150551378727e+02,2.083422070524886417e-03
2.072706156635918617e+00,0.000000000000000000e+00,0.000000000000000000e+00,1.842728667981209822e+00,2.346317682254565884e-01,0.000000000000000000e+00,2.867680764109827578e+02,2.573799115443797195e-03
3.904928248192250262e+00,0.000000000000000000e+00,0.000000000000000000e+00,2.101485324199978688e+00,9.960370266042994913e-02,0.000000000000000000e+00,4.146995042562484741e+02,2.329607262630418313e-03
2.699742946745571803e+00,0.000000000000000000e+00,0.000000000000000000e+00,2.088962275237231214e+00,8.671891027077659186e-02,0.000000000000000000e+00,2.768849119618535042e+02,1.851402200550127759e-03
3.486297236885591566e+00,0.000000000000000000e+00,0.000000000000000000e+00,1.615467232694336230e+00,3.018202413654487160e-01,0.000000000000000000e+00,5.574177145399153233e+02,4.681017981863312867e-03
3.977591149736114939e+00,0.000000000000000000e+00,0.000000000000000000e+00,1.747165580160715104e+00,3.453982005975166358e-01,0.000000000000000000e+00,6.653708067554980516e+02,5.538818876581912999e-03
6.690902544282066877e-01,0.000000000000000000e+00,0.000000000000000000e+00,2.188902882935818361e+00,1.656773259544692956e-01,0.000000000000000000e+00,9.795009611546993256e+01,9.283246893982415211e-04
1.421465806799433906e+00,0.000000000000000000e+00,0.000000000000000000e+00,2.797751042545077560e+00,2.568207525046339312e-01,0.000000000000000000e+00,2.003667038166895509e+02,1.873068787694776895e-03
-1.605190645536022531e+00,0.000000000000000000e+00,0.000000000000000000e+00,2.129867175235034882e+00,2.347501385766450899e-01,0.000000000000000000e+00,1.090526988390833139e+03,5.874827571372366955e-03
-1.398393071224142137e+00,0.000000000000000000e+00,0.000000000000000000e+00,1.375409933861991396e+00,1.927676445326016452e-01,0.000000000000000000e+00,6.879418608378618956e+02,4.533825984783911543e-03
-2.207765091895819598e+00,0.000000000000000000e+00,0.000000000000000000e+00,2.204789245047551027e+00,4.043737923719688543e-01,0.000000000000000000e+00,1.100520892385393381e+03,8.321348846728688145e-03
1.449800300290011501e+00,0.000000000000000000e+00,0.000000000000000000e+00,-1.616923582519811831e+00,-4.038096314277680454e-01,0.000000000000000000e+00,-8.469336619237437844e+02,-7.018417959169548359e-03
8.201898940216002520e-01,0.000000000000000000e+00,0.000000000000000000e+00,-1.199933727886923096e+00,-6.742263099102356882e-01,0.000000000000000000e+00,-8.871455895155668259e+02,-8.141468191215767841e-03
2.067054432304173961e-01,0.000000000000000000e+00,0.000000000000000000e+00,-5.126088055901925067e-01,-1.154189169262612724e+00,0.000000000000000000e+00,-1.029431563571095467e+03,-9.829047160552870088e-03
6.437030119145620288e-02,0.000000000000000000e+00,0.000000000000000000e+00,2.746210621154796527e+00,1.704864836027553676e-01,0.000000000000000000e+00,3.642273296043276787e+01,4.086566673111844718e-04
-2.237227751343576210e-01,0.000000000000000000e+00,0.000000000000000000e+00,-1.291904254585398260e+00,-5.681880502592241422e-01,0.000000000000000000e+00,-2.245963721591979265e+02,-2.367411472156696808e-03
-8.834441547202684930e-01,0.000000000000000000e+00,0.000000000000000000e+00,-1.673950422039607533e+00,-1.370343796031126271e-01,0.000000000000000000e+00,-8.433880198448896408e+02,-3.150620111474771064e-03
9.670852560109181872e-02,0.000000000000000000e+00,0.000000000000000000e+00,2.087631224953962583e+00,1.851538168668557527e-01,0.000000000000000000e+00,1.070696049686521292e+03,4.439543232173090437e-03
-1.158908155801595896e+00,0.000000000000000000e+00,0.000000000000000000e+00,1.652743294986982470e+00,5.392810077719112360e-01,0.000000000000000000e+00,1.213527247252757661e+03,9.797215161922298229e-03
-8.652295285679504344e-01,0.000000000000000000e+00,0.000000000000000000e+00,1.701357193462659678e+00,4.245240629977644065e-01,0.000000000000000000e+00,1.185454785063862801e+03,8.848003222906320256e-03
-5.301900111471665733e-01,0.000000000000000000e+00,0.000000000000000000e+00,9.559232285553315167e-01,9.564018755328012045e-01,0.000000000000000000e+00,1.147700709743425250e+03,1.059763713548265464e-02
8.790339410743555071e-01,0.000000000000000000e+00,0.000000000000000000e+00,-1.207987995452028729e+00,-5.367711610924200683e-01,0.000000000000000000e+00,-9.713093385007232428e+02,-8.324366876460740500e-03
-1.921080315718356468e+00,0.000000000000000000e+00,0.000000000000000000e+00,-1.619345617487959466e+00,-2.384315741720921256e-01,0.000000000000000000e+00,-9.838522196561098099e+02,-5.860357951895424529e-03
2.766537708507690319e+00,0.000000000000000000e+00,0.000000000000000000e+00,1.754047955145417115e+00,2.397728660487883912e-01,0.000000000000000000e+00,1.015800962655805051e+03,5.922071903027973684e-03
-4.934387322602140635e-02,0.000000000000000000e+00,0.000000000000000000e+00,1.645703618161272308e+00,3.238485450974035729e-01,0.000000000000000000e+00,1.101722025796072558e+03,7.466432588870541148e-03
-1.437772215851750746e+00,0.000000000000000000e+00,0.000000000000000000e+00,-1.813223525963722604e+00,-2.886639482981048221e-01,0.000000000000000000e+00,-1.143186837727203965e+03,-7.031255309390391922e-03
-3.329641757748824649e+00,0.000000000000000000e+00,0.000000000000000000e+00,-1.721692920401889371e+00,-2.193024233515299126e-01,0.000000000000000000e+00,-9.397217417247593403e+02,-5.409673642568843012e-03
-5.041589016056759576e+00,0.000000000000000000e+00,0.000000000000000000e+00,-2.268310768733321492e+00,-2.701649624440075614e-01,0.000000000000000000e+00,-1.152078427491709590e+03,-6.634986008457858381e-03
