,norm_intensity,norm_intensity_error,norm_intensity_nocomplex,norm_intensity_nocomplex_error,offset(hz),slp(hz),trelax(s)
0,0.7810104076717183,0.0,0.7810104222156682,0.0,-999.9999999999999,9.999019,0.2
1,0.7809507639833713,0.0,0.781008743414143,0.0,-991.9678714859438,9.999019,0.2
2,0.7809828800486369,0.0,0.7810070215990781,0.0,-983.9357429718875,9.999019,0.2
3,0.7809850862394813,0.0,0.7810052552599388,0.0,-975.9036144578313,9.999019,0.2
4,0.7809400081281298,0.0,0.7810034428177155,0.0,-967.871485943775,9.999019,0.2
5,0.7810010911481913,0.0,0.7810015826210721,0.0,-959.8393574297188,9.999019,0.2
6,0.7809413707620462,0.0,0.7809996729422044,0.0,-951.8072289156627,9.999019,0.2
7,0.7809645042511631,0.0,0.7809977119724473,0.0,-943.7751004016064,9.999019,0.2
8,0.7809800533211205,0.0,0.7809956978175362,0.0,-935.7429718875501,9.999019,0.2
9,0.7809217424097812,0.0,0.7809936284925663,0.0,-927.710843373494,9.999019,0.2
10,0.7809889921612562,0.0,0.7809915019165671,0.0,-919.6787148594377,9.999019,0.2
11,0.7809318583384893,0.0,0.7809893159066892,0.0,-911.6465863453815,9.999019,0.2
12,0.7809431515378789,0.0,0.7809870681719655,0.0,-903.6144578313254,9.999019,0.2
13,0.7809736562782265,0.0,0.7809847563066019,0.0,-895.582329317269,9.999019,0.2
14,0.7809022529570885,0.0,0.7809823777827536,0.0,-887.5502008032129,9.999019,0.2
15,0.7809735258196236,0.0,0.7809799299427765,0.0,-879.5180722891566,9.999019,0.2
16,0.780922030838901,0.0,0.780977409990822,0.0,-871.4859437751004,9.999019,0.2
17,0.7809185287537059,0.0,0.7809748149838309,0.0,-863.4538152610442,9.999019,0.2
18,0.7809652969417229,0.0,0.7809721418217561,0.0,-855.4216867469879,9.999019,0.2
19,0.7808814741631981,0.0,0.780969387237011,0.0,-847.3895582329317,9.999019,0.2
20,0.7809540150095551,0.0,0.7809665477830534,0.0,-839.3574297188754,9.999019,0.2
21,0.7809115782924383,0.0,0.7809636198219962,0.0,-831.3253012048193,9.999019,0.2
22,0.7808902923004422,0.0,0.7809605995111916,0.0,-823.2931726907631,9.999019,0.2
23,0.7809542250025325,0.0,0.7809574827886192,0.0,-815.2610441767068,9.999019,0.2
24,0.7808592665100027,0.0,0.7809542653570293,0.0,-807.2289156626506,9.999019,0.2
25,0.780929662290042,0.0,0.7809509426666442,0.0,-799.1967871485944,9.999019,0.2
26,0.7809000397927444,0.0,0.780947509896307,0.0,-791.1646586345382,9.999019,0.2
27,0.7808580182614306,0.0,0.7809439619328938,0.0,-783.132530120482,9.999019,0.2
28,0.7809394958985616,0.0,0.7809402933487796,0.0,-775.1004016064257,9.999019,0.2
29,0.7808353777462708,0.0,0.7809364983771708,0.0,-767.0682730923695,9.999019,0.2
30,0.7808995068915306,0.0,0.7809325708850293,0.0,-759.0361445783133,9.999019,0.2
31,0.7808867516255937,0.0,0.7809285043433358,0.0,-751.004016064257,9.999019,0.2
32,0.7808211566329223,0.0,0.780924291794334,0.0,-742.9718875502008,9.999019,0.2
33,0.7809199086198568,0.0,0.7809199258154426,0.0,-734.9397590361446,9.999019,0.2
34,0.7808093859276874,0.0,0.780915398479365,0.0,-726.9076305220884,9.999019,0.2
35,0.7808623579816287,0.0,0.7809107013099731,0.0,-718.8755020080321,9.999019,0.2
36,0.7808707710525616,0.0,0.7809058252333696,0.0,-710.8433734939758,9.999019,0.2
37,0.7807789600051265,0.0,0.7809007605235417,0.0,-702.8112449799197,9.999019,0.2
38,0.7808939106420775,0.0,0.7808954967418452,0.0,-694.7791164658635,9.999019,0.2
39,0.7807806125128396,0.0,0.7808900226695115,0.0,-686.7469879518073,9.999019,0.2
40,0.7808166887907362,0.0,0.7808843262321479,0.0,-678.714859437751,9.999019,0.2
41,0.7808507590948719,0.0,0.7808783944151902,0.0,-670.6827309236947,9.999019,0.2
42,0.7807303691740535,0.0,0.7808722131688622,0.0,-662.6506024096386,9.999019,0.2
43,0.7808594470549066,0.0,0.7808657673011956,0.0,-654.6184738955824,9.999019,0.2
44,0.7807479834349894,0.0,0.7808590403572259,0.0,-646.5863453815261,9.999019,0.2
45,0.7807604632837795,0.0,0.7808520144822346,0.0,-638.5542168674699,9.999019,0.2
46,0.780824791017956,0.0,0.7808446702665285,0.0,-630.5220883534137,9.999019,0.2
47,0.7806738220862337,0.0,0.7808369865686831,0.0,-622.4899598393574,9.999019,0.2
48,0.7808137104344437,0.0,0.7808289403137559,0.0,-614.4578313253012,9.999019,0.2
49,0.7807097944856619,0.0,0.7808205062620879,0.0,-606.425702811245,9.999019,0.2
50,0.7806908400667074,0.0,0.78081165674367,0.0,-598.3935742971887,9.999019,0.2
51,0.780790032079719,0.0,0.7808023613517948,0.0,-590.3614457831325,9.999019,0.2
52,0.7806069174160973,0.0,0.7807925865885982,0.0,-582.3293172690762,9.999019,0.2
53,0.7807527035214107,0.0,0.7807822954533769,0.0,-574.29718875502,9.999019,0.2
54,0.7806632887405983,0.0,0.7807714469626382,0.0,-566.2650602409639,9.999019,0.2
55,0.7806036374405158,0.0,0.7807599955883335,0.0,-558.2329317269076,9.999019,0.2
56,0.7807421446803309,0.0,0.7807478905975838,0.0,-550.2008032128514,9.999019,0.2
57,0.7805257813178608,0.0,0.7807350752732767,0.0,-542.1686746987951,9.999019,0.2
58,0.7806704220746502,0.0,0.7807214859899092,0.0,-534.1365461847389,9.999019,0.2
59,0.780603834925772,0.0,0.780707051112536,0.0,-526.1044176706828,9.999019,0.2
60,0.7804922942753105,0.0,0.7806916896786656,0.0,-518.0722891566265,9.999019,0.2
61,0.7806741138039506,0.0,0.7806753098120154,0.0,-510.0401606425703,9.999019,0.2
62,0.7804237720970763,0.0,0.7806578068034343,0.0,-502.00803212851406,9.999019,0.2
63,0.7805571936560308,0.0,0.7806390607760836,0.0,-493.9759036144578,9.999019,0.2
64,0.780523175106838,0.0,0.780618933827979,0.0,-485.9437751004016,9.999019,0.2
65,0.7803456547158361,0.0,0.7805972665133939,0.0,-477.9116465863453,9.999019,0.2
66,0.7805736765669872,0.0,0.7805738734820549,0.0,-469.8795180722891,9.999019,0.2
67,0.7802885408053195,0.0,0.7805485380377705,0.0,-461.84738955823286,9.999019,0.2
68,0.7803959153062279,0.0,0.7805210053002459,0.0,-453.8152610441766,9.999019,0.2
69,0.7804052360180112,0.0,0.7804909735468447,0.0,-445.7831325301205,9.999019,0.2
70,0.7801426469244086,0.0,0.7804580831632841,0.0,-437.7510040160643,9.999019,0.2
71,0.7804169435396424,0.0,0.7804219024251217,0.0,-429.718875502008,9.999019,0.2
72,0.780094427858241,0.0,0.7803819090402683,0.0,-421.6867469879518,9.999019,0.2
73,0.7801522574101617,0.0,0.7803374659661791,0.0,-413.6546184738955,9.999019,0.2
74,0.7802145645250033,0.0,0.7802877894150928,0.0,-405.6224899598393,9.999019,0.2
75,0.7798373701231988,0.0,0.7802319060849842,0.0,-397.59036144578306,9.999019,0.2
76,0.7801497866862395,0.0,0.7801685953624041,0.0,-389.55823293172693,9.999019,0.2
77,0.7797791805638181,0.0,0.7800963103139957,0.0,-381.5261044176707,9.999019,0.2
78,0.7797440500735928,0.0,0.7800130683681347,0.0,-373.4939759036144,9.999019,0.2
79,0.7798578115678673,0.0,0.7799162981271943,0.0,-365.4618473895582,9.999019,0.2
80,0.7793078995960735,0.0,0.779802621846922,0.0,-357.429718875502,9.999019,0.2
81,0.7796205779412141,0.0,0.7796675423223807,0.0,-349.39759036144574,9.999019,0.2
82,0.7791547698719652,0.0,0.7795049858996809,0.0,-341.3654618473895,9.999019,0.2
83,0.7789192336302018,0.0,0.7793066264147395,0.0,-333.33333333333326,9.999019,0.2
84,0.7790187583124784,0.0,0.7790608725266771,0.0,-325.301204819277,9.999019,0.2
85,0.778125613430758,0.0,0.7787513358906314,0.0,-317.2690763052209,9.999019,0.2
86,0.7782564742751839,0.0,0.7783545039697777,0.0,-309.23694779116465,9.999019,0.2
87,0.7774469917829664,0.0,0.7778362290107437,0.0,-301.2048192771084,9.999019,0.2
88,0.7765877697495557,0.0,0.7771465934028031,0.0,-293.1726907630522,9.999019,0.2
89,0.7761877735673717,0.0,0.7762130473039567,0.0,-285.14056224899593,9.999019,0.2
90,0.7741286059498221,0.0,0.7749335327663452,0.0,-277.1084337349397,9.999019,0.2
91,0.7729906708493139,0.0,0.7731777349931047,0.0,-269.07630522088346,9.999019,0.2
92,0.7703828531858815,0.0,0.7708221288515998,0.0,-261.04417670682733,9.999019,0.2
93,0.7670572418515232,0.0,0.7678743848880601,0.0,-253.0120481927711,9.999019,0.2
94,0.7647138796544923,0.0,0.7647240555957312,0.0,-244.97991967871488,9.999019,0.2
95,0.761227791570023,0.0,0.7622939204595147,0.0,-236.9477911646586,9.999019,0.2
96,0.7611834535421651,0.0,0.7615258487732696,0.0,-228.91566265060237,9.999019,0.2
97,0.7619537708359335,0.0,0.7624653012766538,0.0,-220.88353413654613,9.999019,0.2
98,0.7630860263728758,0.0,0.764316211480028,0.0,-212.8514056224899,9.999019,0.2
99,0.7662802897371581,0.0,0.7662812197781395,0.0,-204.81927710843362,9.999019,0.2
100,0.7664766693165671,0.0,0.7679593711726,0.0,-196.7871485943774,9.999019,0.2
101,0.7686249190020138,0.0,0.769247133474417,0.0,-188.7550200803213,9.999019,0.2
102,0.7695338627490547,0.0,0.7701680059964874,0.0,-180.72289156626505,9.999019,0.2
103,0.7688264805671485,0.0,0.770777831018995,0.0,-172.6907630522088,9.999019,0.2
104,0.7711239787018053,0.0,0.7711286505079402,0.0,-164.6586345381526,9.999019,0.2
105,0.7690180045067896,0.0,0.771258762886851,0.0,-156.62650602409633,9.999019,0.2
106,0.7700320450898231,0.0,0.7711917812987198,0.0,-148.5943775100401,9.999019,0.2
107,0.7700435770177874,0.0,0.7709378307245439,0.0,-140.56224899598385,9.999019,0.2
108,0.7671038301333825,0.0,0.7704944920752168,0.0,-132.53012048192772,9.999019,0.2
109,0.769817374851112,0.0,0.7698466784607223,0.0,-124.49799196787149,9.999019,0.2
110,0.7650282706707852,0.0,0.7689650026515559,0.0,-116.46586345381523,9.999019,0.2
111,0.7655031489892759,0.0,0.767802199921298,0.0,-108.43373493975902,9.999019,0.2
112,0.7646125931983836,0.0,0.7662868720175089,0.0,-100.40160642570277,9.999019,0.2
113,0.757363761113825,0.0,0.7643125479708742,0.0,-92.36947791164653,9.999019,0.2
114,0.7616735236660692,0.0,0.7617192331030916,0.0,-84.33734939759029,9.999019,0.2
115,0.7488761329483017,0.0,0.758261582740855,0.0,-76.30522088353405,9.999019,0.2
116,0.7486518814315456,0.0,0.7535518496023186,0.0,-68.27309236947781,9.999019,0.2
117,0.7407384433614793,0.0,0.7469530687293698,0.0,-60.24096385542168,9.999019,0.2
118,0.7179994422792029,0.0,0.737368587941581,0.0,-52.20883534136544,9.999019,0.2
119,0.7219327245463134,0.0,0.7228036936554411,0.0,-44.17670682730921,9.999019,0.2
120,0.6534779507882761,0.0,0.6994055280359708,0.0,-36.144578313252964,9.999019,0.2
121,0.6575283254105116,0.0,0.6593478751880867,0.0,-28.11244979919672,9.999019,0.2
122,0.4536183096920251,0.0,0.5873009971638615,0.0,-20.080321285140485,9.999019,0.2
123,0.4260660418703544,0.0,0.4713054114653634,0.0,-12.048192771084246,9.999019,0.2
124,0.2755290163798482,0.0,0.4478588196679516,0.0,-4.01606425702812,9.999019,0.2
125,0.2681515973958001,0.0,0.44535150722282657,0.0,4.01606425702812,9.999019,0.2
126,0.42740862388987283,0.0,0.47730983420486245,0.0,12.04819277108436,9.999019,0.2
127,0.4630351467388463,0.0,0.5960377462428582,0.0,20.0803212851406,9.999019,0.2
128,0.6664154393541278,0.0,0.6676781095340515,0.0,28.112449799196842,9.999019,0.2
129,0.6610637734034043,0.0,0.7068400345430824,0.0,36.14457831325308,9.999019,0.2
130,0.7282074111919186,0.0,0.72942370948044,0.0,44.17670682730932,9.999019,0.2
131,0.7245407242231958,0.0,0.7433380414329733,0.0,52.20883534136556,9.999019,0.2
132,0.7456802336062673,0.0,0.7524213824832964,0.0,60.24096385542179,9.999019,0.2
133,0.7541595548872931,0.0,0.7586406809730337,0.0,68.27309236947804,9.999019,0.2
134,0.7534723824853917,0.0,0.7630687182731124,0.0,76.30522088353428,9.999019,0.2
135,0.7663073432714087,0.0,0.7663248082987834,0.0,84.33734939759051,9.999019,0.2
136,0.7619564028777002,0.0,0.7687845227779663,0.0,92.36947791164677,9.999019,0.2
137,0.768831375413844,0.0,0.7706854307332819,0.0,100.40160642570277,9.999019,0.2
138,0.7700556252813741,0.0,0.7721833411670637,0.0,108.43373493975902,9.999019,0.2
139,0.7693455223613452,0.0,0.7733836779976686,0.0,116.46586345381523,9.999019,0.2
140,0.7743478008947741,0.0,0.7743597317332559,0.0,124.49799196787149,9.999019,0.2
141,0.7718306360022942,0.0,0.7751636753537329,0.0,132.53012048192772,9.999019,0.2
142,0.7748458468437837,0.0,0.7758334323667799,0.0,140.56224899598396,9.999019,0.2
143,0.7753275255543111,0.0,0.7763970836649532,0.0,148.5943775100402,9.999019,0.2
144,0.7745824006261275,0.0,0.7768757684004884,0.0,156.62650602409644,9.999019,0.2
145,0.777284873437514,0.0,0.7772856376987786,0.0,164.65863453815268,9.999019,0.2
146,0.7757268795006165,0.0,0.7776391977945977,0.0,172.69076305220892,9.999019,0.2
147,0.7772532462763787,0.0,0.7779462507121093,0.0,180.7228915662652,9.999019,0.2
148,0.7776463716100505,0.0,0.7782145642700475,0.0,188.7550200803214,9.999019,0.2
149,0.7769392956094222,0.0,0.7784503566752323,0.0,196.78714859437764,9.999019,0.2
150,0.7786540479813372,0.0,0.7786586519664245,0.0,204.81927710843388,9.999019,0.2
151,0.7776436754309258,0.0,0.7788435441077145,0.0,212.85140562249012,9.999019,0.2
152,0.7784560158826804,0.0,0.7790083955500966,0.0,220.88353413654613,9.999019,0.2
153,0.7788480712933326,0.0,0.7791559881670546,0.0,228.91566265060237,9.999019,0.2
154,0.7782075958850078,0.0,0.7792886391582785,0.0,236.9477911646586,9.999019,0.2
155,0.7793904587636725,0.0,0.7794082908958219,0.0,244.97991967871488,9.999019,0.2
156,0.7787242449068678,0.0,0.7795165811856112,0.0,253.0120481927711,9.999019,0.2
157,0.7791458993501561,0.0,0.7796148986659429,0.0,261.04417670682733,9.999019,0.2
158,0.7795398942231779,0.0,0.7797044268236646,0.0,269.07630522088357,9.999019,0.2
159,0.7789743937882118,0.0,0.7797861792193185,0.0,277.1084337349398,9.999019,0.2
160,0.7798261557209454,0.0,0.7798610278683619,0.0,285.14056224899605,9.999019,0.2
161,0.7793915888573539,0.0,0.7799297262541998,0.0,293.1726907630523,9.999019,0.2
162,0.7795816085347725,0.0,0.7799929281007905,0.0,301.2048192771085,9.999019,0.2
163,0.7799677980630866,0.0,0.7800512027732599,0.0,309.23694779116477,9.999019,0.2
164,0.7794775204763941,0.0,0.7801050479801879,0.0,317.269076305221,9.999019,0.2
165,0.7801024400410792,0.0,0.7801549003037263,0.0,325.30120481927725,9.999019,0.2
166,0.7798310669799393,0.0,0.7802011439712119,0.0,333.3333333333335,9.999019,0.2
167,0.7798774395571012,0.0,0.7802441181954859,0.0,341.3654618473897,9.999019,0.2
168,0.7802462776222898,0.0,0.7802841233443298,0.0,349.3975903614459,9.999019,0.2
169,0.7798281298490964,0.0,0.7803214261473429,0.0,357.429718875502,9.999019,0.2
170,0.780287411307113,0.0,0.7803562641078703,0.0,365.4618473895582,9.999019,0.2
171,0.7801342582245168,0.0,0.7803888492555398,0.0,373.4939759036144,9.999019,0.2
172,0.7800900970831339,0.0,0.7804193713494242,0.0,381.5261044176707,9.999019,0.2
173,0.7804343560613626,0.0,0.7804480006218469,0.0,389.55823293172693,9.999019,0.2
174,0.780083829008626,0.0,0.7804748901363491,0.0,397.59036144578323,9.999019,0.2
175,0.7804170214446009,0.0,0.7805001778206345,0.0,405.6224899598394,9.999019,0.2
176,0.780350672531388,0.0,0.7805239882245377,0.0,413.65461847389565,9.999019,0.2
177,0.7802502170862227,0.0,0.7805464340447186,0.0,421.6867469879519,9.999019,0.2
178,0.7805649396921504,0.0,0.7805676174507119,0.0,429.7188755020081,9.999019,0.2
179,0.7802769127224701,0.0,0.7805876312413429,0.0,437.75100401606437,9.999019,0.2
180,0.7805116118766771,0.0,0.7806065598558382,0.0,445.7831325301206,9.999019,0.2
181,0.7805090358463816,0.0,0.7806244802600745,0.0,453.8152610441769,9.999019,0.2
182,0.7803754608678595,0.0,0.7806414627252779,0.0,461.8473895582331,9.999019,0.2
183,0.7806575515319176,0.0,0.7806575715138414,0.0,469.87951807228933,9.999019,0.2
184,0.7804266446364463,0.0,0.7806728654846177,0.0,477.9116465863453,9.999019,0.2
185,0.780583326262586,0.0,0.780687398628386,0.0,485.9437751004016,9.999019,0.2
186,0.7806270009047925,0.0,0.7807012205424823,0.0,493.9759036144578,9.999019,0.2
187,0.7804765377755037,0.0,0.780714376852392,0.0,502.00803212851406,9.999019,0.2
188,0.7807243747723388,0.0,0.780726909586922,0.0,510.0401606425703,9.999019,0.2
189,0.7805451142647666,0.0,0.7807388575127289,0.0,518.0722891566265,9.999019,0.2
190,0.7806397229729005,0.0,0.7807502564331823,0.0,526.1044176706828,9.999019,0.2
191,0.7807159509937911,0.0,0.7807611394557199,0.0,534.136546184739,9.999019,0.2
192,0.7805602070833922,0.0,0.7807715372316042,0.0,542.1686746987953,9.999019,0.2
193,0.780773335046322,0.0,0.7807814781711292,0.0,550.2008032128515,9.999019,0.2
194,0.7806402426723078,0.0,0.780790988637187,0.0,558.2329317269077,9.999019,0.2
195,0.780685658705196,0.0,0.7808000931196433,0.0,566.265060240964,9.999019,0.2
196,0.7807835365810493,0.0,0.7808088143926174,0.0,574.2971887550202,9.999019,0.2
197,0.7806308750249062,0.0,0.7808171736566085,0.0,582.3293172690765,9.999019,0.2
198,0.7808097679256634,0.0,0.7808251906670607,0.0,590.3614457831327,9.999019,0.2
199,0.7807174198267405,0.0,0.7808328838508937,0.0,598.3935742971889,9.999019,0.2
200,0.7807243274329647,0.0,0.7808402704121598,0.0,606.4257028112452,9.999019,0.2
201,0.7808350886040683,0.0,0.7808473664281032,0.0,614.4578313253012,9.999019,0.2
202,0.7806914917311969,0.0,0.780854186936489,0.0,622.4899598393574,9.999019,0.2
203,0.7808373666929739,0.0,0.7808607460151705,0.0,630.5220883534137,9.999019,0.2
204,0.7807804416957492,0.0,0.7808670568546262,0.0,638.5542168674699,9.999019,0.2
205,0.7807578616076221,0.0,0.7808731318242088,0.0,646.5863453815261,9.999019,0.2
206,0.7808744418998823,0.0,0.7808789825326818,0.0,654.6184738955824,9.999019,0.2
207,0.7807440785787096,0.0,0.7808846198836213,0.0,662.6506024096386,9.999019,0.2
208,0.7808587442625663,0.0,0.7808900541261808,0.0,670.6827309236949,9.999019,0.2
209,0.780832069112891,0.0,0.7808952949016206,0.0,678.7148594377511,9.999019,0.2
210,0.7807876949403562,0.0,0.7809003512860517,0.0,686.7469879518073,9.999019,0.2
211,0.7809044333929753,0.0,0.7809052318297101,0.0,694.7791164658636,9.999019,0.2
212,0.7807900506021158,0.0,0.7809099445930651,0.0,702.8112449799198,9.999019,0.2
213,0.780875778866802,0.0,0.7809144971800978,0.0,710.843373493976,9.999019,0.2
214,0.7808743727258722,0.0,0.7809188967689701,0.0,718.8755020080323,9.999019,0.2
215,0.7808147896720552,0.0,0.7809231501402855,0.0,726.9076305220885,9.999019,0.2
216,0.7809272133419044,0.0,0.7809272637032211,0.0,734.9397590361446,9.999019,0.2
217,0.7808304203182987,0.0,0.7809312435196716,0.0,742.9718875502008,9.999019,0.2
218,0.7808898338911751,0.0,0.780935095326575,0.0,751.004016064257,9.999019,0.2
219,0.7809089520560831,0.0,0.7809388245565857,0.0,759.0361445783133,9.999019,0.2
220,0.7808397838960097,0.0,0.780942436357225,0.0,767.0682730923695,9.999019,0.2
221,0.7809444452551673,0.0,0.7809459356086618,0.0,775.1004016064257,9.999019,0.2
222,0.7808659302812142,0.0,0.7809493269401766,0.0,783.132530120482,9.999019,0.2
223,0.7809019020417481,0.0,0.7809526147455016,0.0,791.1646586345382,9.999019,0.2
224,0.7809370778702527,0.0,0.7809558031970275,0.0,799.1967871485945,9.999019,0.2
225,0.7808630901142775,0.0,0.7809588962590702,0.0,807.2289156626507,9.999019,0.2
226,0.7809574374671449,0.0,0.7809618977001752,0.0,815.2610441767068,9.999019,0.2
227,0.7808971413173009,0.0,0.7809648111046198,0.0,823.2931726907632,9.999019,0.2
228,0.7809127027180367,0.0,0.7809676398831109,0.0,831.3253012048194,9.999019,0.2
229,0.7809597864109257,0.0,0.7809703872827636,0.0,839.3574297188758,9.999019,0.2
230,0.7808849631186336,0.0,0.7809730563964412,0.0,847.3895582329319,9.999019,0.2
231,0.780967231675155,0.0,0.7809756501714489,0.0,855.4216867469881,9.999019,0.2
232,0.7809244923230845,0.0,0.7809781714176921,0.0,863.4538152610445,9.999019,0.2
233,0.7809227497234374,0.0,0.780980622815271,0.0,871.4859437751004,9.999019,0.2
234,0.780977942612142,0.0,0.7809830069216236,0.0,879.5180722891566,9.999019,0.2
235,0.7809055480013819,0.0,0.7809853261781979,0.0,887.5502008032129,9.999019,0.2
236,0.7809746637875737,0.0,0.7809875829167051,0.0,895.582329317269,9.999019,0.2
237,0.7809483412775771,0.0,0.7809897793649754,0.0,903.6144578313254,9.999019,0.2
238,0.7809323997521882,0.0,0.7809919176524832,0.0,911.6465863453816,9.999019,0.2
239,0.7809922828923737,0.0,0.7809939998155001,0.0,919.6787148594377,9.999019,0.2
240,0.780924914915688,0.0,0.7809960278019328,0.0,927.7108433734941,9.999019,0.2
241,0.7809804066490221,0.0,0.7809980034759101,0.0,935.7429718875503,9.999019,0.2
242,0.780968993507285,0.0,0.7809999286220605,0.0,943.7751004016067,9.999019,0.2
243,0.7809418881586463,0.0,0.7810018049495305,0.0,951.8072289156628,9.999019,0.2
244,0.7810034442609154,0.0,0.7810036340958039,0.0,959.839357429719,9.999019,0.2
245,0.7809430847334383,0.0,0.7810054176302725,0.0,967.8714859437754,9.999019,0.2
246,0.7809850007453895,0.0,0.7810071570575983,0.0,975.9036144578315,9.999019,0.2
247,0.7809867210856051,0.0,0.7810088538208969,0.0,983.9357429718877,9.999019,0.2
248,0.7809513561395142,0.0,0.7810105093047284,0.0,991.9678714859438,9.999019,0.2
249,0.7810119841340962,0.0,0.7810121248379399,0.0,999.9999999999999,9.999019,0.2
250,0.7807056935701782,0.0,0.7807087698156288,0.0,-999.9999999999999,20.00086,0.2
251,0.7804574456201693,0.0,0.7807020604022217,0.0,-991.9678714859438,20.00086,0.2
252,0.7806221814413146,0.0,0.7806951792191082,0.0,-983.9357429718875,20.00086,0.2
253,0.7805827975543382,0.0,0.7806881202401986,0.0,-975.9036144578313,20.00086,0.2
254,0.7804420329210038,0.0,0.7806808771665734,0.0,-967.871485943775,20.00086,0.2
255,0.7806733562684676,0.0,0.7806734434111144,0.0,-959.8393574297188,20.00086,0.2
256,0.7804138843369712,0.0,0.7806658120821055,0.0,-951.8072289156627,20.00086,0.2
257,0.7805533017166442,0.0,0.7806579759656687,0.0,-943.7751004016064,20.00086,0.2
258,0.780561635314561,0.0,0.7806499275069975,0.0,-935.7429718875501,20.00086,0.2
259,0.7803659002563298,0.0,0.7806416587902478,0.0,-927.710843373494,20.00086,0.2
260,0.7806311731587228,0.0,0.7806331615169908,0.0,-919.6787148594377,20.00086,0.2
261,0.7803691681905511,0.0,0.7806244269831004,0.0,-911.6465863453815,20.00086,0.2
262,0.7804722954535634,0.0,0.7806154460539277,0.0,-903.6144578313254,20.00086,0.2
263,0.780536133147588,0.0,0.7806062091376508,0.0,-895.582329317269,20.00086,0.2
264,0.7802833248502579,0.0,0.7805967061565828,0.0,-887.5502008032129,20.00086,0.2
265,0.780576906082388,0.0,0.7805869265162914,0.0,-879.5180722891566,20.00086,0.2
266,0.7803226220567397,0.0,0.7805768590723274,0.0,-871.4859437751004,20.00086,0.2
267,0.7803777158971409,0.0,0.7805664920943158,0.0,-863.4538152610442,20.00086,0.2
268,0.7805042485214465,0.0,0.7805558132271981,0.0,-855.4216867469879,20.00086,0.2
269,0.7801937747915859,0.0,0.7805448094493064,0.0,-847.3895582329317,20.00086,0.2
270,0.780507932291968,0.0,0.7805334670270084,0.0,-839.3574297188754,20.00086,0.2
271,0.7802731708425866,0.0,0.7805217714655486,0.0,-831.3253012048193,20.00086,0.2
272,0.7802678423205451,0.0,0.7805097074557324,0.0,-823.2931726907631,20.00086,0.2
273,0.7804633963398341,0.0,0.7804972588160022,0.0,-815.2610441767068,20.00086,0.2
274,0.7800963967872745,0.0,0.7804844084294641,0.0,-807.2289156626506,20.00086,0.2
275,0.7804211260353935,0.0,0.7804711381752647,0.0,-799.1967871485944,20.00086,0.2
276,0.7802192083864594,0.0,0.7804574288538372,0.0,-791.1646586345382,20.00086,0.2
277,0.7801405421892053,0.0,0.7804432601052007,0.0,-783.132530120482,20.00086,0.2
278,0.7804102970347346,0.0,0.7804286103196675,0.0,-775.1004016064257,20.00086,0.2
279,0.7799898568020563,0.0,0.7804134565400237,0.0,-767.0682730923695,20.00086,0.2
280,0.7803126787072885,0.0,0.7803977743542554,0.0,-759.0361445783133,20.00086,0.2
281,0.7801584127861447,0.0,0.7803815377776843,0.0,-751.004016064257,20.00086,0.2
282,0.779993062413111,0.0,0.7803647191232733,0.0,-742.9718875502008,20.00086,0.2
283,0.7803407517286898,0.0,0.7803472888586801,0.0,-734.9397590361446,20.00086,0.2
284,0.7798721063749415,0.0,0.7803292154483646,0.0,-726.9076305220884,20.00086,0.2
285,0.7801778212888567,0.0,0.7803104651789761,0.0,-718.8755020080321,20.00086,0.2
286,0.7800874746038262,0.0,0.7802910019657701,0.0,-710.8433734939758,20.00086,0.2
287,0.779821707323443,0.0,0.7802707871376485,0.0,-702.8112449799197,20.00086,0.2
288,0.7802492974243496,0.0,0.7802497791979172,0.0,-694.7791164658635,20.00086,0.2
289,0.7797400268204396,0.0,0.7802279335575318,0.0,-686.7469879518073,20.00086,0.2
290,0.7800103860511438,0.0,0.7802052022369222,0.0,-678.714859437751,20.00086,0.2
291,0.780001677487837,0.0,0.7801815335319933,0.0,-670.6827309236947,20.00086,0.2
292,0.779621327472398,0.0,0.7801568716391107,0.0,-662.6506024096386,20.00086,0.2
293,0.7801286574099291,0.0,0.7801311562329852,0.0,-654.6184738955824,20.00086,0.2
294,0.7795888624411019,0.0,0.7801043219902994,0.0,-646.5863453815261,20.00086,0.2
295,0.7798020922917213,0.0,0.7800762980507744,0.0,-638.5542168674699,20.00086,0.2
296,0.7798942166940177,0.0,0.780047007405663,0.0,-630.5220883534137,20.00086,0.2
297,0.7793844757396339,0.0,0.7800163662020064,0.0,-622.4899598393574,20.00086,0.2
298,0.7799688252972986,0.0,0.7799842829486481,0.0,-614.4578313253012,20.00086,0.2
299,0.7794112680309778,0.0,0.7799506576073695,0.0,-606.425702811245,20.00086,0.2
300,0.7795413325006937,0.0,0.7799153805491489,0.0,-598.3935742971887,20.00086,0.2
301,0.7797550251913169,0.0,0.7798783313515619,0.0,-590.3614457831325,20.00086,0.2
302,0.7790999418419722,0.0,0.779839377408341,0.0,-582.3293172690762,20.00086,0.2
303,0.7797554539161528,0.0,0.779798372315883,0.0,-574.29718875502,20.00086,0.2
304,0.7791956037846371,0.0,0.7797551539939681,0.0,-566.2650602409639,20.00086,0.2
305,0.779210993498166,0.0,0.7797095424882794,0.0,-558.2329317269076,20.00086,0.2
306,0.7795686097025863,0.0,0.7796613373904229,0.0,-550.2008032128514,20.00086,0.2
307,0.7787500390409349,0.0,0.7796103147959401,0.0,-542.1686746987951,20.00086,0.2
308,0.7794668255659923,0.0,0.7795562237017826,0.0,-534.1365461847389,20.00086,0.2
309,0.7789226442549076,0.0,0.7794987817202527,0.0,-526.1044176706828,20.00086,0.2
310,0.7787842591247137,0.0,0.7794376699551705,0.0,-518.0722891566265,20.00086,0.2
311,0.7793097251569915,0.0,0.7793725268457662,0.0,-510.0401606425703,20.00086,0.2
312,0.7783051601928981,0.0,0.7793029407316723,0.0,-502.00803212851406,20.00086,0.2
313,0.7790676549271719,0.0,0.7792284408240078,0.0,-493.9759036144578,20.00086,0.2
314,0.7785586210765628,0.0,0.779148486178302,0.0,-485.9437751004016,20.00086,0.2
315,0.7782157577525837,0.0,0.7790624521465599,0.0,-477.9116465863453,20.00086,0.2
316,0.7789338301949362,0.0,0.7789696136278501,0.0,-469.8795180722891,20.00086,0.2
317,0.777711694499396,0.0,0.7788691242256097,0.0,-461.84738955823286,20.00086,0.2
318,0.7784949908004584,0.0,0.7787599901332226,0.0,-453.8152610441766,20.00086,0.2
319,0.7780387749459967,0.0,0.7786410371795958,0.0,-445.7831325301205,20.00086,0.2
320,0.7774205921512775,0.0,0.7785108689298754,0.0,-437.7510040160643,20.00086,0.2
321,0.778353277440839,0.0,0.7783678129927503,0.0,-429.718875502008,20.00086,0.2
322,0.7768615508591347,0.0,0.7782098516450683,0.0,-421.6867469879518,20.00086,0.2
323,0.7776214927422299,0.0,0.7780345314150249,0.0,-413.6546184738955,20.00086,0.2
324,0.7772226220952951,0.0,0.7778388441705008,0.0,-405.6224899598393,20.00086,0.2
325,0.7762166605370656,0.0,0.7776190692449718,0.0,-397.59036144578306,20.00086,0.2
326,0.7773679593493428,0.0,0.7773705617537883,0.0,-389.55823293172693,20.00086,0.2
327,0.775501605346,0.0,0.7770874658324826,0.0,-381.5261044176707,20.00086,0.2
328,0.7761416248188178,0.0,0.7767623220292745,0.0,-373.4939759036144,20.00086,0.2
329,0.7757484170496224,0.0,0.7763855239262532,0.0,-365.4618473895582,20.00086,0.2
330,0.7741321566638839,0.0,0.7759445578435004,0.0,-357.429718875502,20.00086,0.2
331,0.7754187886204865,0.0,0.7754229276118565,0.0,-349.39759036144574,20.00086,0.2
332,0.7729010691115593,0.0,0.7747986187442264,0.0,-341.3654618473895,20.00086,0.2
333,0.7731305520889077,0.0,0.7740418861971978,0.0,-333.33333333333326,20.00086,0.2
334,0.7724368461972374,0.0,0.7731120506589739,0.0,-325.301204819277,20.00086,0.2
335,0.769583206296666,0.0,0.7719528604210104,0.0,-317.2690763052209,20.00086,0.2
336,0.7704625333171027,0.0,0.7704858506026196,0.0,-309.23694779116465,20.00086,0.2
337,0.766266315566165,0.0,0.7686011413100631,0.0,-301.2048192771084,20.00086,0.2
338,0.7648254944187824,0.0,0.7661456911495671,0.0,-293.1726907630522,20.00086,0.2
339,0.7621595309642935,0.0,0.7629113876128467,0.0,-285.14056224899593,20.00086,0.2
340,0.7554705544717102,0.0,0.758632586487479,0.0,-277.1084337349397,20.00086,0.2
341,0.7529588366691182,0.0,0.7530209286334574,0.0,-269.07630522088346,20.00086,0.2
342,0.7428980295892351,0.0,0.745899583989193,0.0,-261.04417670682733,20.00086,0.2
343,0.7356218160241494,0.0,0.7375218459418961,0.0,-253.0120481927711,20.00086,0.2
344,0.7281079452778638,0.0,0.729024940358624,0.0,-244.97991967871488,20.00086,0.2
345,0.7181310435457013,0.0,0.7224864027492442,0.0,-236.9477911646586,20.00086,0.2
346,0.719708991720632,0.0,0.719822219746928,0.0,-228.91566265060237,20.00086,0.2
347,0.7171114619204841,0.0,0.7212399396937367,0.0,-220.88353413654613,20.00086,0.2
348,0.7225298125377383,0.0,0.7252514788952411,0.0,-212.8514056224899,20.00086,0.2
349,0.728758628098542,0.0,0.7300669891475905,0.0,-204.81927710843362,20.00086,0.2
350,0.7282492880984079,0.0,0.7345304137730716,0.0,-196.7871485943774,20.00086,0.2
351,0.7380117786165566,0.0,0.7381542911539845,0.0,-188.7550200803213,20.00086,0.2
352,0.7345419908229711,0.0,0.7408365869864519,0.0,-180.72289156626505,20.00086,0.2
353,0.738806142195975,0.0,0.7426319424936813,0.0,-172.6907630522088,20.00086,0.2
354,0.7412363375596774,0.0,0.743632756521083,0.0,-164.6586345381526,20.00086,0.2
355,0.7343068846505488,0.0,0.7439198228763012,0.0,-156.62650602409633,20.00086,0.2
356,0.7434595449743523,0.0,0.7435453716446176,0.0,-148.5943775100401,20.00086,0.2
357,0.731352327650189,0.0,0.7425283969628259,0.0,-140.56224899598385,20.00086,0.2
358,0.7359974110004314,0.0,0.7408531302029981,0.0,-132.53012048192772,20.00086,0.2
359,0.7321854778716019,0.0,0.7384665648949097,0.0,-124.49799196787149,20.00086,0.2
360,0.7199342175250147,0.0,0.7352722645723171,0.0,-116.46586345381523,20.00086,0.2
361,0.7304679782152285,0.0,0.7311205083009126,0.0,-108.43373493975902,20.00086,0.2
362,0.7017576112812461,0.0,0.7257951997144254,0.0,-100.40160642570277,20.00086,0.2
363,0.7158596777351439,0.0,0.7189866167818807,0.0,-92.36947791164653,20.00086,0.2
364,0.684934381592391,0.0,0.7102516484633161,0.0,-84.33734939759029,20.00086,0.2
365,0.6809824393850193,0.0,0.6989551021100374,0.0,-76.30522088353405,20.00086,0.2
366,0.6624245620183419,0.0,0.684181299203941,0.0,-68.27309236947781,20.00086,0.2
367,0.6208034686460123,0.0,0.6646088370309567,0.0,-60.24096385542168,20.00086,0.2
368,0.6134214845072853,0.0,0.6383611721840114,0.0,-52.20883534136544,20.00086,0.2
369,0.5275702095362662,0.0,0.6029405588821788,0.0,-44.17670682730921,20.00086,0.2
370,0.47161825722943124,0.0,0.5557219606803958,0.0,-36.144578313252964,20.00086,0.2
371,0.45548524988946665,0.0,0.4967180430435178,0.0,-28.11244979919672,20.00086,0.2
372,0.16698395761160953,0.0,0.43807550172212756,0.0,-20.080321285140485,20.00086,0.2
373,-0.008102139730958972,0.0,0.41982610745725985,0.0,-12.048192771084246,20.00086,0.2
374,0.25720914237099807,0.0,0.46630622540263544,0.0,-4.01606425702812,20.00086,0.2
375,0.2544391375865819,0.0,0.46374230128691385,0.0,4.01606425702812,20.00086,0.2
376,0.005550681401458212,0.0,0.42014020897612553,0.0,12.04819277108436,20.00086,0.2
377,0.18608071615110686,0.0,0.44659002461503067,0.0,20.0803212851406,20.00086,0.2
378,0.47384015136429375,0.0,0.5109644525057365,0.0,28.112449799196842,20.00086,0.2
379,0.484595363499354,0.0,0.572588036036601,0.0,36.14457831325308,20.00086,0.2
380,0.548906072567513,0.0,0.6206076344119384,0.0,44.17670682730932,20.00086,0.2
381,0.6287884781477409,0.0,0.6559837827754907,0.0,52.20883534136556,20.00086,0.2
382,0.6401066147179146,0.0,0.6818595961029189,0.0,60.24096385542179,20.00086,0.2
383,0.6776832172327619,0.0,0.7009832472064913,0.0,68.27309236947804,20.00086,0.2
384,0.6987072150062689,0.0,0.7153484673913291,0.0,76.30522088353428,20.00086,0.2
385,0.7001275994358888,0.0,0.7263310631758522,0.0,84.33734939759051,20.00086,0.2
386,0.7322733418280056,0.0,0.7348727045557655,0.0,92.36947791164677,20.00086,0.2
387,0.7175013495123248,0.0,0.7416228667717303,0.0,100.40160642570277,20.00086,0.2
388,0.7461621016607645,0.0,0.7470357563949753,0.0,108.43373493975902,20.00086,0.2
389,0.7365550585018006,0.0,0.7514341610771393,0.0,116.46586345381523,20.00086,0.2
390,0.7482704660545089,0.0,0.7550512691237782,0.0,124.49799196787149,20.00086,0.2
391,0.753633784574116,0.0,0.7580582452939121,0.0,132.53012048192772,20.00086,0.2
392,0.7491683002109144,0.0,0.7605826371792104,0.0,140.56224899598396,20.00086,0.2
393,0.7626631752717892,0.0,0.7627208397091418,0.0,148.5943775100402,20.00086,0.2
394,0.755097659456946,0.0,0.7645466644718244,0.0,156.62650602409644,20.00086,0.2
395,0.763457808528258,0.0,0.7661173202518674,0.0,164.65863453815268,20.00086,0.2
396,0.7639217032924684,0.0,0.7674776479320511,0.0,172.69076305220892,20.00086,0.2
397,0.7621868549874206,0.0,0.7686631611038119,0.0,180.7228915662652,20.00086,0.2
398,0.7696119690938452,0.0,0.7697022579617786,0.0,188.7550200803214,20.00086,0.2
399,0.7644167089322007,0.0,0.7706178502966273,0.0,196.78714859437764,20.00086,0.2
400,0.769958466338182,0.0,0.7714285771563464,0.0,204.81927710843388,20.00086,0.2
401,0.7696070682422551,0.0,0.7721497189315417,0.0,212.85140562249012,20.00086,0.2
402,0.768537604755073,0.0,0.7727938928484186,0.0,220.88353413654613,20.00086,0.2
403,0.7732985525664235,0.0,0.7733715872145797,0.0,228.91566265060237,20.00086,0.2
404,0.7695892698711574,0.0,0.7738915754925061,0.0,236.9477911646586,20.00086,0.2
405,0.7733307972614196,0.0,0.7743612399423042,0.0,244.97991967871488,20.00086,0.2
406,0.7730134554553449,0.0,0.7747868265919036,0.0,253.0120481927711,20.00086,0.2
407,0.772082326941021,0.0,0.7751736476074221,0.0,261.04417670682733,20.00086,0.2
408,0.7754891157660341,0.0,0.7755262430465768,0.0,269.07630522088357,20.00086,0.2
409,0.7727298631506826,0.0,0.7758485110068368,0.0,277.1084337349398,20.00086,0.2
410,0.7753051524552443,0.0,0.7761438130015916,0.0,285.14056224899605,20.00086,0.2
411,0.7751885931678456,0.0,0.7764150597865117,0.0,293.1726907630523,20.00086,0.2
412,0.7742668349870304,0.0,0.7766647816567397,0.0,301.2048192771085,20.00086,0.2
413,0.7768840632677637,0.0,0.776895186332127,0.0,309.23694779116477,20.00086,0.2
414,0.7747778694753611,0.0,0.7771082068638261,0.0,317.269076305221,20.00086,0.2
415,0.7765603966809788,0.0,0.7773055414735484,0.0,325.30120481927725,20.00086,0.2
416,0.776648551753616,0.0,0.7774886868360095,0.0,333.3333333333335,20.00086,0.2
417,0.7757175336386398,0.0,0.7776589660052641,0.0,341.3654618473897,20.00086,0.2
418,0.7778157956105171,0.0,0.77781755194459,0.0,349.3975903614459,20.00086,0.2
419,0.7761900940515413,0.0,0.7779654874309397,0.0,357.429718875502,20.00086,0.2
420,0.7774086582630904,0.0,0.7781037019566357,0.0,365.4618473895582,20.00086,0.2
421,0.7776670117753899,0.0,0.7782330261335265,0.0,373.4939759036144,20.00086,0.2
422,0.7767387900234902,0.0,0.7783542040113863,0.0,381.5261044176707,20.00086,0.2
423,0.7784603988650739,0.0,0.7784679036477892,0.0,389.55823293172693,20.00086,0.2
424,0.777207412495022,0.0,0.7785747262066495,0.0,397.59036144578323,20.00086,0.2
425,0.7780104166382914,0.0,0.7786752138143259,0.0,405.6224899598394,20.00086,0.2
426,0.7783987486431595,0.0,0.778769856362951,0.0,413.65461847389565,20.00086,0.2
427,0.7774921678136661,0.0,0.7788590974188011,0.0,421.6867469879519,20.00086,0.2
428,0.778918640881201,0.0,0.7789433393674122,0.0,429.7188755020081,20.00086,0.2
429,0.7779657624792711,0.0,0.7790229479058343,0.0,437.75100401606437,20.00086,0.2
430,0.7784552083020345,0.0,0.7790982559747907,0.0,445.7831325301206,20.00086,0.2
431,0.778936287380889,0.0,0.7791695672089491,0.0,453.8152610441769,20.00086,0.2
432,0.7780695447163679,0.0,0.7792371589715251,0.0,461.8473895582331,20.00086,0.2
433,0.7792516882088143,0.0,0.7793012850293168,0.0,469.87951807228933,20.00086,0.2
434,0.7785463279864152,0.0,0.779362177915962,0.0,477.9116465863453,20.00086,0.2
435,0.7787961593396181,0.0,0.779420051024214,0.0,485.9437751004016,20.00086,0.2
436,0.779337661910408,0.0,0.7794751004620293,0.0,493.9759036144578,20.00086,0.2
437,0.7785260948713448,0.0,0.7795275067024906,0.0,502.00803212851406,20.00086,0.2
438,0.7794984594808855,0.0,0.7795774360531609,0.0,510.0401606425703,20.00086,0.2
439,0.7789999681204212,0.0,0.7796250419672048,0.0,518.0722891566265,20.00086,0.2
440,0.7790663119610349,0.0,0.7796704662152809,0.0,526.1044176706828,20.00086,0.2
441,0.779640834677873,0.0,0.7797138399349248,0.0,534.136546184739,20.00086,0.2
442,0.7788964327747292,0.0,0.7797552845717403,0.0,542.1686746987953,20.00086,0.2
443,0.7796846882877869,0.0,0.7797949127250139,0.0,550.2008032128515,20.00086,0.2
444,0.7793598872435019,0.0,0.7798328289086176,0.0,558.2329317269077,20.00086,0.2
445,0.7792869718466018,0.0,0.7798691302367302,0.0,566.265060240964,20.00086,0.2
446,0.7798715788246678,0.0,0.7799039070428216,0.0,574.2971887550202,20.00086,0.2
447,0.7792030645669515,0.0,0.7799372434391016,0.0,582.3293172690765,20.00086,0.2
448,0.7798279344561189,0.0,0.7799692178229486,0.0,590.3614457831327,20.00086,0.2
449,0.7796485713932957,0.0,0.7799999033359705,0.0,598.3935742971889,20.00086,0.2
450,0.7794722545779162,0.0,0.7800293682806427,0.0,606.4257028112452,20.00086,0.2
451,0.7800479814457568,0.0,0.7800576764990103,0.0,614.4578313253012,20.00086,0.2
452,0.7794610676467211,0.0,0.7800848877172498,0.0,622.4899598393574,20.00086,0.2
453,0.7799404884576644,0.0,0.7801110578596842,0.0,630.5220883534137,20.00086,0.2
454,0.7798817646648519,0.0,0.7801362393351734,0.0,638.5542168674699,20.00086,0.2
455,0.7796316955561259,0.0,0.780160481298699,0.0,646.5863453815261,20.00086,0.2
456,0.7801831166351465,0.0,0.7801838298905697,0.0,654.6184738955824,20.00086,0.2
457,0.7796808078346883,0.0,0.7802063284553417,0.0,662.6506024096386,20.00086,0.2
458,0.7800311234369359,0.0,0.7802280177424777,0.0,670.6827309236949,20.00086,0.2
459,0.7800708399154678,0.0,0.7802489360903782,0.0,678.7148594377511,20.00086,0.2
460,0.7797718170254222,0.0,0.7802691195954197,0.0,686.7469879518073,20.00086,0.2
461,0.7802866855582151,0.0,0.7802886022673151,0.0,694.7791164658636,20.00086,0.2
462,0.7798695823248389,0.0,0.7803074161720839,0.0,702.8112449799198,20.00086,0.2
463,0.7801061897958964,0.0,0.7803255915637274,0.0,710.843373493976,20.00086,0.2
464,0.7802242600468414,0.0,0.7803431570056377,0.0,718.8755020080323,20.00086,0.2
465,0.7798971066017436,0.0,0.7803601394825889,0.0,726.9076305220885,20.00086,0.2
466,0.7803660521410091,0.0,0.7803765645042415,0.0,734.9397590361446,20.00086,0.2
467,0.7800326481998445,0.0,0.780392456200764,0.0,742.9718875502008,20.00086,0.2
468,0.7801703210652111,0.0,0.7804078374113296,0.0,751.004016064257,20.00086,0.2
469,0.7803485043480316,0.0,0.7804227297660757,0.0,759.0361445783133,20.00086,0.2
470,0.7800106501118986,0.0,0.7804371537620255,0.0,767.0682730923695,20.00086,0.2
471,0.7804269138648502,0.0,0.7804511288335656,0.0,775.1004016064257,20.00086,0.2
472,0.7801738856192689,0.0,0.7804646734178072,0.0,783.132530120482,20.00086,0.2
473,0.7802269028033627,0.0,0.7804778050153459,0.0,791.1646586345382,20.00086,0.2
474,0.7804486695339716,0.0,0.7804905402467462,0.0,799.1967871485945,20.00086,0.2
475,0.7801145540607348,0.0,0.7805028949050665,0.0,807.2289156626507,20.00086,0.2
476,0.7804737461925109,0.0,0.7805148840047904,0.0,815.2610441767068,20.00086,0.2
477,0.780296236136433,0.0,0.7805265218274365,0.0,823.2931726907632,20.00086,0.2
478,0.7802783931450756,0.0,0.7805378219640164,0.0,831.3253012048194,20.00086,0.2
479,0.7805288670984182,0.0,0.7805487973547297,0.0,839.3574297188758,20.00086,0.2
480,0.7802102359086058,0.0,0.7805594603259666,0.0,847.3895582329319,20.00086,0.2
481,0.7805101032716063,0.0,0.7805698226249108,0.0,855.4216867469881,20.00086,0.2
482,0.7804019981795798,0.0,0.78057989545189,0.0,863.4538152610445,20.00086,0.2
483,0.7803265482823319,0.0,0.7805896894906231,0.0,871.4859437751004,20.00086,0.2
484,0.780592489849032,0.0,0.7805992149365121,0.0,879.5180722891566,20.00086,0.2
485,0.7802986287591526,0.0,0.7806084815232359,0.0,887.5502008032129,20.00086,0.2
486,0.780538825606668,0.0,0.7806174985475474,0.0,895.582329317269,20.00086,0.2
487,0.7804930291550436,0.0,0.7806262748926193,0.0,903.6144578313254,20.00086,0.2
488,0.7803725857216628,0.0,0.780634819049918,0.0,911.6465863453816,20.00086,0.2
489,0.7806423925862293,0.0,0.7806431391397467,0.0,919.6787148594377,20.00086,0.2
490,0.7803803289975192,0.0,0.7806512429305197,0.0,927.7108433734941,20.00086,0.2
491,0.7805621865681548,0.0,0.780659137856923,0.0,935.7429718875503,20.00086,0.2
492,0.7805708848702182,0.0,0.7806668310369482,0.0,943.7751004016067,20.00086,0.2
493,0.7804173059911127,0.0,0.7806743292879476,0.0,951.8072289156628,20.00086,0.2
494,0.7806810154303077,0.0,0.7806816391417444,0.0,959.839357429719,20.00086,0.2
495,0.7804557047832705,0.0,0.7806887668588564,0.0,967.8714859437754,20.00086,0.2
496,0.7805819982102635,0.0,0.780695718441886,0.0,975.9036144578315,20.00086,0.2
497,0.7806369158595706,0.0,0.7807024996482057,0.0,983.9357429718877,20.00086,0.2
498,0.7804611860341593,0.0,0.7807091160018383,0.0,991.9678714859438,20.00086,0.2
499,0.7807104683282277,0.0,0.7807155728047318,0.0,999.9999999999999,20.00086,0.2
500,0.7792809005890247,0.0,0.7795057976732314,0.0,-999.9999999999999,40.000074,0.2
501,0.7784785918532989,0.0,0.7794790847392178,0.0,-991.9678714859438,40.000074,0.2
502,0.7794198987734874,0.0,0.7794516900811107,0.0,-983.9357429718875,40.000074,0.2
503,0.7786071512478263,0.0,0.7794235898784182,0.0,-975.9036144578313,40.000074,0.2
504,0.7788061005536769,0.0,0.779394759237442,0.0,-967.871485943775,40.000074,0.2
505,0.7791892991171879,0.0,0.7793651721311515,0.0,-959.8393574297188,40.000074,0.2
506,0.778227385004838,0.0,0.779334801335038,0.0,-951.8072289156627,40.000074,0.2
507,0.7792324470535227,0.0,0.7793036183585278,0.0,-943.7751004016064,40.000074,0.2
508,0.7784635603500264,0.0,0.7792715933716036,0.0,-935.7429718875501,40.000074,0.2
509,0.7785077427329777,0.0,0.7792386951263605,0.0,-927.710843373494,40.000074,0.2
510,0.7790759036596084,0.0,0.7792048908728253,0.0,-919.6787148594377,40.000074,0.2
511,0.7779555678049601,0.0,0.779170146268857,0.0,-911.6465863453815,40.000074,0.2
512,0.7790047979617276,0.0,0.7791344252833516,0.0,-903.6144578313254,40.000074,0.2
513,0.7783066349601394,0.0,0.7790976900923352,0.0,-895.582329317269,40.000074,0.2
514,0.7781690695325498,0.0,0.7790599009672402,0.0,-887.5502008032129,40.000074,0.2
515,0.7789345623837072,0.0,0.7790210161547141,0.0,-879.5180722891566,40.000074,0.2
516,0.7776592966339965,0.0,0.7789809917471121,0.0,-871.4859437751004,40.000074,0.2
517,0.7787303283879383,0.0,0.7789397815429305,0.0,-863.4538152610442,40.000074,0.2
518,0.7781310371041569,0.0,0.7788973368961347,0.0,-855.4216867469879,40.000074,0.2
519,0.777784412347808,0.0,0.7788536065533814,0.0,-847.3895582329317,40.000074,0.2
520,0.7787579352440134,0.0,0.7788085364779659,0.0,-839.3574297188754,40.000074,0.2
521,0.7773330940713569,0.0,0.7787620696591876,0.0,-831.3253012048193,40.000074,0.2
522,0.7784010942873467,0.0,0.7787141459056702,0.0,-823.2931726907631,40.000074,0.2
523,0.7779297835914762,0.0,0.7786647016210835,0.0,-815.2610441767068,40.000074,0.2
524,0.7773462721883588,0.0,0.778613669560352,0.0,-807.2289156626506,40.000074,0.2
525,0.7785371566462486,0.0,0.7785609785644383,0.0,-799.1967871485944,40.000074,0.2
526,0.7769692490993415,0.0,0.7785065532713765,0.0,-791.1646586345382,40.000074,0.2
527,0.7780073028361961,0.0,0.7784503138009585,0.0,-783.132530120482,40.000074,0.2
528,0.7776937419191148,0.0,0.7783921754103068,0.0,-775.1004016064257,40.000074,0.2
529,0.7768445316625523,0.0,0.7783320481169508,0.0,-767.0682730923695,40.000074,0.2
530,0.778261329555317,0.0,0.7782698362858907,0.0,-759.0361445783133,40.000074,0.2
531,0.776556952434415,0.0,0.7782054381763062,0.0,-751.004016064257,40.000074,0.2
532,0.7775365319624773,0.0,0.7781387454433516,0.0,-742.9718875502008,40.000074,0.2
533,0.777410876261406,0.0,0.7780696425896109,0.0,-734.9397590361446,40.000074,0.2
534,0.7762653000030897,0.0,0.7779980063600145,0.0,-726.9076305220884,40.000074,0.2
535,0.7779167497468006,0.0,0.77792370507332,0.0,-718.8755020080321,40.000074,0.2
536,0.7760810037417485,0.0,0.7778465978820891,0.0,-710.8433734939758,40.000074,0.2
537,0.7769725542541901,0.0,0.7777665339519676,0.0,-702.8112449799197,40.000074,0.2
538,0.7770650740590462,0.0,0.7776833515496367,0.0,-694.7791164658635,40.000074,0.2
539,0.7755891698701629,0.0,0.7775968770272806,0.0,-686.7469879518073,40.000074,0.2
540,0.7774856812608899,0.0,0.777506923689351,0.0,-678.714859437751,40.000074,0.2
541,0.7755198008591786,0.0,0.7774132905252623,0.0,-670.6827309236947,40.000074,0.2
542,0.7762935147804216,0.0,0.7773157607889479,0.0,-662.6506024096386,40.000074,0.2
543,0.7766342408432936,0.0,0.7772141004029618,0.0,-654.6184738955824,40.000074,0.2
544,0.7747884911765304,0.0,0.777108056161135,0.0,-646.5863453815261,40.000074,0.2
545,0.7769443485937504,0.0,0.7769973536992364,0.0,-638.5542168674699,40.000074,0.2
546,0.7748420733050709,0.0,0.776881695197638,0.0,-630.5220883534137,40.000074,0.2
547,0.7754689988427055,0.0,0.7767607567735391,0.0,-622.4899598393574,40.000074,0.2
548,0.7760870569230474,0.0,0.776634185512477,0.0,-614.4578313253012,40.000074,0.2
549,0.7738229210115557,0.0,0.7765015960793051,0.0,-606.425702811245,40.000074,0.2
550,0.7762594791538716,0.0,0.776362566837347,0.0,-598.3935742971887,40.000074,0.2
551,0.774001309484122,0.0,0.776216635390363,0.0,-590.3614457831325,40.000074,0.2
552,0.7744550713400352,0.0,0.7760632934447653,0.0,-582.3293172690762,40.000074,0.2
553,0.775377146432926,0.0,0.7759019808684321,0.0,-574.29718875502,40.000074,0.2
554,0.7726317711487581,0.0,0.7757320787963016,0.0,-566.2650602409639,40.000074,0.2
555,0.7753819685531904,0.0,0.7755529016007938,0.0,-558.2329317269076,40.000074,0.2
556,0.7729256941381801,0.0,0.7753636875047064,0.0,-550.2008032128514,40.000074,0.2
557,0.7731853225196239,0.0,0.775163587564236,0.0,-542.1686746987951,40.000074,0.2
558,0.7744319006588185,0.0,0.7749516526865453,0.0,-534.1365461847389,40.000074,0.2
559,0.7711199743260326,0.0,0.774726818266875,0.0,-526.1044176706828,40.000074,0.2
560,0.7742343524795489,0.0,0.7744878859293889,0.0,-518.0722891566265,40.000074,0.2
561,0.7714986684360803,0.0,0.7742335017276137,0.0,-510.0401606425703,40.000074,0.2
562,0.7715533110507007,0.0,0.7739621299959947,0.0,-502.00803212851406,40.000074,0.2
563,0.773129360668003,0.0,0.7736720218329287,0.0,-493.9759036144578,40.000074,0.2
564,0.7691301845902497,0.0,0.7733611769221788,0.0,-485.9437751004016,40.000074,0.2
565,0.7726836383714631,0.0,0.7730272970444412,0.0,-477.9116465863453,40.000074,0.2
566,0.7695181426102936,0.0,0.7726677291666099,0.0,-469.8795180722891,40.000074,0.2
567,0.7693743836834156,0.0,0.7722793953862479,0.0,-461.84738955823286,40.000074,0.2
568,0.7712458335692683,0.0,0.7718587062031022,0.0,-453.8152610441766,40.000074,0.2
569,0.7663813381747543,0.0,0.7714014525199837,0.0,-445.7831325301205,40.000074,0.2
570,0.7704756047798715,0.0,0.7709026703480404,0.0,-437.7510040160643,40.000074,0.2
571,0.7666016595514749,0.0,0.7703564702785268,0.0,-429.718875502008,40.000074,0.2
572,0.7662914716898164,0.0,0.7697558212086191,0.0,-421.6867469879518,40.000074,0.2
573,0.7683233507721094,0.0,0.769092274332321,0.0,-413.6546184738955,40.000074,0.2
574,0.7623147416078172,0.0,0.768355608704793,0.0,-405.6224899598393,40.000074,0.2
575,0.7670543944460235,0.0,0.767533373324947,0.0,-397.59036144578306,40.000074,0.2
576,0.761935664102469,0.0,0.7666102920955445,0.0,-389.55823293172693,40.000074,0.2
577,0.7615054970104327,0.0,0.7655674865196602,0.0,-381.5261044176707,40.000074,0.2
578,0.7632867223862815,0.0,0.7643814558103843,0.0,-373.4939759036144,40.000074,0.2
579,0.7556431902861109,0.0,0.763022734588928,0.0,-365.4618473895582,40.000074,0.2
580,0.7609905362099959,0.0,0.7614541245578426,0.0,-357.429718875502,40.000074,0.2
581,0.7535023067103902,0.0,0.7596283704826513,0.0,-349.39759036144574,40.000074,0.2
582,0.752869625249751,0.0,0.7574851294887146,0.0,-341.3654618473895,40.000074,0.2
583,0.753161568141912,0.0,0.7549470845481285,0.0,-333.33333333333326,40.000074,0.2
584,0.7427956542238203,0.0,0.751915121665048,0.0,-325.301204819277,40.000074,0.2
585,0.7479065978349186,0.0,0.7482627215567487,0.0,-317.2690763052209,40.000074,0.2
586,0.7353440640967668,0.0,0.7438303090246331,0.0,-309.23694779116465,40.000074,0.2
587,0.7335137989763563,0.0,0.7384216368895823,0.0,-301.2048192771084,40.000074,0.2
588,0.7284911025445288,0.0,0.7318069955994427,0.0,-293.1726907630522,40.000074,0.2
589,0.7125142818920549,0.0,0.7237429273759597,0.0,-285.14056224899593,40.000074,0.2
590,0.7137511522995402,0.0,0.714025226721842,0.0,-277.1084337349397,40.000074,0.2
591,0.6902457870290537,0.0,0.7025974953924119,0.0,-269.07630522088346,40.000074,0.2
592,0.6852645817230552,0.0,0.6897271263179522,0.0,-261.04417670682733,40.000074,0.2
593,0.6693574248216846,0.0,0.6762060949472475,0.0,-253.0120481927711,40.000074,0.2
594,0.6502773210392229,0.0,0.6634228582451874,0.0,-244.97991967871488,40.000074,0.2
595,0.6520098617550376,0.0,0.653080306703934,0.0,-236.9477911646586,40.000074,0.2
596,0.6282531703211689,0.0,0.6465273656095116,0.0,-228.91566265060237,40.000074,0.2
597,0.6414606098006416,0.0,0.6441163764941654,0.0,-220.88353413654613,40.000074,0.2
598,0.6301558055827312,0.0,0.6451212848263277,0.0,-212.8514056224899,40.000074,0.2
599,0.6356035834467225,0.0,0.6482290595099762,0.0,-204.81927710843362,40.000074,0.2
600,0.6455400980321537,0.0,0.6521293240135361,0.0,-196.7871485943774,40.000074,0.2
601,0.6313651822052807,0.0,0.6558383714775574,0.0,-188.7550200803213,40.000074,0.2
602,0.6572424583300202,0.0,0.6587443937608636,0.0,-180.72289156626505,40.000074,0.2
603,0.6300195077877201,0.0,0.6605175670238956,0.0,-172.6907630522088,40.000074,0.2
604,0.6553594783121539,0.0,0.6609987263305819,0.0,-164.6586345381526,40.000074,0.2
605,0.6317862017404222,0.0,0.6601126591782321,0.0,-156.62650602409633,40.000074,0.2
606,0.6392359385821673,0.0,0.6578120139951846,0.0,-148.5943775100401,40.000074,0.2
607,0.6323217664974662,0.0,0.6540444852231914,0.0,-140.56224899598385,40.000074,0.2
608,0.6129153471852558,0.0,0.6487347144068478,0.0,-132.53012048192772,40.000074,0.2
609,0.6252428171331822,0.0,0.6417701016415428,0.0,-124.49799196787149,40.000074,0.2
610,0.5793743152501868,0.0,0.6329678675958934,0.0,-116.46586345381523,40.000074,0.2
611,0.6051050949562619,0.0,0.622080746907434,0.0,-108.43373493975902,40.000074,0.2
612,0.5383671236295212,0.0,0.6088750402239365,0.0,-100.40160642570277,40.000074,0.2
613,0.5651348422829936,0.0,0.5930768696912614,0.0,-92.36947791164653,40.000074,0.2
614,0.492770777498028,0.0,0.5743795758846177,0.0,-84.33734939759029,40.000074,0.2
615,0.48344591992110303,0.0,0.5525244342502007,0.0,-76.30522088353405,40.000074,0.2
616,0.4630682943784739,0.0,0.5274330313697155,0.0,-68.27309236947781,40.000074,0.2
617,0.3379999158297222,0.0,0.49945063111584925,0.0,-60.24096385542168,40.000074,0.2
618,0.3683279849178014,0.0,0.4697678937392107,0.0,-52.20883534136544,40.000074,0.2
619,0.3255365769727202,0.0,0.4410479760470949,0.0,-44.17670682730921,40.000074,0.2
620,0.21643709718636583,0.0,0.4180620178916564,0.0,-36.144578313252964,40.000074,0.2
621,0.14423754649272813,0.0,0.4074649767450563,0.0,-28.11244979919672,40.000074,0.2
622,0.11529648354557297,0.0,0.41473416576435157,0.0,-20.080321285140485,40.000074,0.2
623,0.008964740300771814,0.0,0.4368436273178733,0.0,-12.048192771084246,40.000074,0.2
624,0.030816056249421513,0.0,0.4568277848554166,0.0,-4.01606425702812,40.000074,0.2
625,0.0309084883986264,0.0,0.4555782151781207,0.0,4.01606425702812,40.000074,0.2
626,0.009909778266741704,0.0,0.43506428763289257,0.0,12.04819277108436,40.000074,0.2
627,0.12101674086229045,0.0,0.41641029280014574,0.0,20.0803212851406,40.000074,0.2
628,0.15804623890284997,0.0,0.4155633439203049,0.0,28.112449799196842,40.000074,0.2
629,0.23725257416302312,0.0,0.4334802003518026,0.0,36.14457831325308,40.000074,0.2
630,0.35043602259163975,0.0,0.4631900584299796,0.0,44.17670682730932,40.000074,0.2
631,0.39368427303140324,0.0,0.49742195867645583,0.0,52.20883534136556,40.000074,0.2
632,0.3703079024704626,0.0,0.5313681206458788,0.0,60.24096385542179,40.000074,0.2
633,0.5013937469856378,0.0,0.562583257849667,0.0,68.27309236947804,40.000074,0.2
634,0.518432791946429,0.0,0.5901560075511644,0.0,76.30522088353428,40.000074,0.2
635,0.535149760624387,0.0,0.6139981949078825,0.0,84.33734939759051,40.000074,0.2
636,0.6047016998657121,0.0,0.6343987883502132,0.0,92.36947791164677,40.000074,0.2
637,0.5830895929391673,0.0,0.6517818868705394,0.0,100.40160642570277,40.000074,0.2
638,0.6483140430976868,0.0,0.666588302216173,0.0,108.43373493975902,40.000074,0.2
639,0.6272673333340106,0.0,0.6792240589577109,0.0,116.46586345381523,40.000074,0.2
640,0.6721655142153398,0.0,0.6900425584334757,0.0,124.49799196787149,40.000074,0.2
641,0.6650643696784442,0.0,0.6993425173883732,0.0,132.53012048192772,40.000074,0.2
642,0.6843126525837961,0.0,0.7073725651910266,0.0,140.56224899598396,40.000074,0.2
643,0.6970286671621501,0.0,0.7143380675506438,0.0,148.5943775100402,40.000074,0.2
644,0.6911341763354897,0.0,0.7204081460876197,0.0,156.62650602409644,40.000074,0.2
645,0.720733351765489,0.0,0.7257220548260782,0.0,164.65863453815268,40.000074,0.2
646,0.699675614506074,0.0,0.7303946445605545,0.0,172.69076305220892,40.000074,0.2
647,0.7328799102083425,0.0,0.7345209035585902,0.0,180.7228915662652,40.000074,0.2
648,0.7141896187820874,0.0,0.7381796673928693,0.0,188.7550200803214,40.000074,0.2
649,0.7341851558751304,0.0,0.7414366224302569,0.0,196.78714859437764,40.000074,0.2
650,0.7324413554510072,0.0,0.7443467267826859,0.0,204.81927710843388,40.000074,0.2
651,0.7313987910504333,0.0,0.7469561589227853,0.0,212.85140562249012,40.000074,0.2
652,0.7470139105936684,0.0,0.7493038869102663,0.0,220.88353413654613,40.000074,0.2
653,0.7330900436893611,0.0,0.7514229343445131,0.0,228.91566265060237,40.000074,0.2
654,0.7520567533471136,0.0,0.7533414043376653,0.0,236.9477911646586,40.000074,0.2
655,0.7423549052524151,0.0,0.7550833103980099,0.0,244.97991967871488,40.000074,0.2
656,0.7493446403504076,0.0,0.7566692530229332,0.0,253.0120481927711,40.000074,0.2
657,0.7540630982126141,0.0,0.75811697272546,0.0,261.04417670682733,40.000074,0.2
658,0.7468665987936165,0.0,0.7594418038176477,0.0,269.07630522088357,40.000074,0.2
659,0.7603830544459383,0.0,0.7606570482271329,0.0,277.1084337349398,40.000074,0.2
660,0.7507548205826289,0.0,0.7617742846526928,0.0,285.14056224899605,40.000074,0.2
661,0.759158785031765,0.0,0.7628036252436755,0.0,293.1726907630523,40.000074,0.2
662,0.7591883726981244,0.0,0.7637539295319662,0.0,301.2048192771085,40.000074,0.2
663,0.7559047703031103,0.0,0.7646329834100086,0.0,309.23694779116477,40.000074,0.2
664,0.7651699904408582,0.0,0.7654476494191694,0.0,317.269076305221,40.000074,0.2
665,0.7571848944400953,0.0,0.7662039934020382,0.0,325.30120481927725,40.000074,0.2
666,0.7648948345351138,0.0,0.7669073916099965,0.0,333.3333333333335,40.000074,0.2
667,0.7632185653713781,0.0,0.7675626215904229,0.0,341.3654618473897,40.000074,0.2
668,0.7618299283832768,0.0,0.7681739395647537,0.0,349.3975903614459,40.000074,0.2
669,0.7683795969333077,0.0,0.7687451465162214,0.0,357.429718875502,40.000074,0.2
670,0.7619486968827216,0.0,0.7692796448097152,0.0,365.4618473895582,40.000074,0.2
671,0.7685213845608041,0.0,0.7697804868459737,0.0,373.4939759036144,40.000074,0.2
672,0.7664047657865845,0.0,0.7702504169922546,0.0,381.5261044176707,40.000074,0.2
673,0.7658310710749808,0.0,0.7706919078204393,0.0,389.55823293172693,40.000074,0.2
674,0.7707226894610616,0.0,0.7711071915106948,0.0,397.59036144578323,40.000074,0.2
675,0.7654835187954059,0.0,0.7714982871374757,0.0,405.6224899598394,40.000074,0.2
676,0.7709712454603637,0.0,0.7718670244383209,0.0,413.65461847389565,40.000074,0.2
677,0.7689270172921104,0.0,0.7722150645699857,0.0,421.6867469879519,40.000074,0.2
678,0.7686324024636553,0.0,0.7725439182772105,0.0,429.7188755020081,40.000074,0.2
679,0.7725105226145811,0.0,0.7728549618335284,0.0,437.75100401606437,40.000074,0.2
680,0.7681474939550152,0.0,0.7731494510587159,0.0,445.7831325301206,40.000074,0.2
681,0.7727113899050484,0.0,0.7734285336718508,0.0,453.8152610441769,40.000074,0.2
682,0.7709354923432362,0.0,0.7736932602005273,0.0,461.8473895582331,40.000074,0.2
683,0.7706635747992046,0.0,0.7739445936347573,0.0,469.87951807228933,40.000074,0.2
684,0.7739082222019162,0.0,0.7741834179869146,0.0,477.9116465863453,40.000074,0.2
685,0.7701968616809922,0.0,0.7744105458963603,0.0,485.9437751004016,40.000074,0.2
686,0.77399374338341,0.0,0.7746267253979486,0.0,493.9759036144578,40.000074,0.2
687,0.7725493891819304,0.0,0.774832645957293,0.0,502.00803212851406,40.000074,0.2
688,0.7721840111898327,0.0,0.7750289438617376,0.0,510.0401606425703,40.000074,0.2
689,0.7750170023881978,0.0,0.7752162070439943,0.0,518.0722891566265,40.000074,0.2
690,0.7718078906325065,0.0,0.775394979405419,0.0,526.1044176706828,40.000074,0.2
691,0.7749647298510401,0.0,0.775565764696991,0.0,534.136546184739,40.000074,0.2
692,0.7738594615639478,0.0,0.7757290300088278,0.0,542.1686746987953,40.000074,0.2
693,0.7733552805364245,0.0,0.7758852089124428,0.0,550.2008032128515,40.000074,0.2
694,0.7759048679943339,0.0,0.7760347042945597,0.0,558.2329317269077,40.000074,0.2
695,0.7731011135553444,0.0,0.7761778909164263,0.0,566.265060240964,40.000074,0.2
696,0.7757153188008795,0.0,0.7763151177285047,0.0,574.2971887550202,40.000074,0.2
697,0.774933432663789,0.0,0.776446709966787,0.0,582.3293172690765,40.000074,0.2
698,0.7742814283279598,0.0,0.7765729710538464,0.0,590.3614457831327,40.000074,0.2
699,0.7766201511461028,0.0,0.7766941843251275,0.0,598.3935742971889,40.000074,0.2
700,0.774159528570817,0.0,0.776810614598444,0.0,606.4257028112452,40.000074,0.2
701,0.7763053155804042,0.0,0.7769225096027759,0.0,614.4578313253012,40.000074,0.2
702,0.7758215496373299,0.0,0.7770301012804937,0.0,622.4899598393574,40.000074,0.2
703,0.7750315941535665,0.0,0.7771336069756303,0.0,630.5220883534137,40.000074,0.2
704,0.7771984916014306,0.0,0.7772332305194489,0.0,638.5542168674699,40.000074,0.2
705,0.7750409644047896,0.0,0.777329163223261,0.0,646.5863453815261,40.000074,0.2
706,0.7767759144097116,0.0,0.7774215847874182,0.0,654.6184738955824,40.000074,0.2
707,0.7765612008080179,0.0,0.7775106641344784,0.0,662.6506024096386,40.000074,0.2
708,0.7756530023799081,0.0,0.777596560173621,0.0,670.6827309236949,40.000074,0.2
709,0.7776668981153331,0.0,0.7776794225027394,0.0,678.7148594377511,40.000074,0.2
710,0.7757862388674566,0.0,0.7777593920539085,0.0,686.7469879518073,40.000074,0.2
711,0.7771565816247845,0.0,0.7778366016873851,0.0,694.7791164658636,40.000074,0.2
712,0.7771804381513387,0.0,0.7779111767387834,0.0,702.8112449799198,40.000074,0.2
713,0.7761786513163993,0.0,0.7779832355235382,0.0,710.843373493976,40.000074,0.2
714,0.7780463092166287,0.0,0.7780528898024576,0.0,718.8755020080323,40.000074,0.2
715,0.7764245284932529,0.0,0.7781202452117442,0.0,726.9076305220885,40.000074,0.2
716,0.7774690363327368,0.0,0.7781854016605214,0.0,734.9397590361446,40.000074,0.2
717,0.77770056444668,0.0,0.7782484536986458,0.0,742.9718875502008,40.000074,0.2
718,0.7766320110321939,0.0,0.778309490857326,0.0,751.004016064257,40.000074,0.2
719,0.7783532898695309,0.0,0.7783685979647895,0.0,759.0361445783133,40.000074,0.2
720,0.7769769355752834,0.0,0.7784258554390915,0.0,767.0682730923695,40.000074,0.2
721,0.7777296621993977,0.0,0.7784813395598846,0.0,775.1004016064257,40.000074,0.2
722,0.7781380029512189,0.0,0.7785351227209403,0.0,783.132530120482,40.000074,0.2
723,0.7770299854819291,0.0,0.7785872736648413,0.0,791.1646586345382,40.000074,0.2
724,0.7786011897885848,0.0,0.7786378577013933,0.0,799.1967871485945,40.000074,0.2
725,0.7774588926470359,0.0,0.7786869369109513,0.0,807.2289156626507,40.000074,0.2
726,0.7779510289489576,0.0,0.7787345703338372,0.0,815.2610441767068,40.000074,0.2
727,0.778505640977939,0.0,0.7787808141469791,0.0,823.2931726907632,40.000074,0.2
728,0.7773848385296397,0.0,0.7788257218286866,0.0,831.3253012048194,40.000074,0.2
729,0.7788009488041437,0.0,0.7788693443125034,0.0,839.3574297188758,40.000074,0.2
730,0.7778818108193295,0.0,0.778911730130927,0.0,847.3895582329319,40.000074,0.2
731,0.7781428868621965,0.0,0.7789529255497752,0.0,855.4216867469881,40.000074,0.2
732,0.778813794641972,0.0,0.7789929746938572,0.0,863.4538152610445,40.000074,0.2
733,0.777705484283218,0.0,0.7790319196646203,0.0,871.4859437751004,40.000074,0.2
734,0.7789616631908858,0.0,0.779069800650329,0.0,879.5180722891566,40.000074,0.2
735,0.7782542294093456,0.0,0.7791066560293124,0.0,887.5502008032129,40.000074,0.2
736,0.7783128380291405,0.0,0.7791425224667862,0.0,895.582329317269,40.000074,0.2
737,0.7790709020996511,0.0,0.779177435005681,0.0,903.6144578313254,40.000074,0.2
738,0.7779983771113854,0.0,0.7792114271519281,0.0,911.6465863453816,40.000074,0.2
739,0.7790909867341248,0.0,0.7792445309545517,0.0,919.6787148594377,40.000074,0.2
740,0.7785826310215825,0.0,0.7792767770809399,0.0,927.7108433734941,40.000074,0.2
741,0.7784668034801885,0.0,0.7793081948876407,0.0,935.7429718875503,40.000074,0.2
742,0.7792840217429828,0.0,0.7793388124869397,0.0,943.7751004016067,40.000074,0.2
743,0.7782681432253058,0.0,0.7793686568095713,0.0,951.8072289156628,40.000074,0.2
744,0.7791954160879127,0.0,0.7793977536637081,0.0,959.839357429719,40.000074,0.2
745,0.7788720279298589,0.0,0.779426127790643,0.0,967.8714859437754,40.000074,0.2
746,0.7786093584016343,0.0,0.7794538029171787,0.0,975.9036144578315,40.000074,0.2
747,0.7794591894535677,0.0,0.7794808018051222,0.0,983.9357429718877,40.000074,0.2
748,0.778518041336923,0.0,0.7795071462979599,0.0,991.9678714859438,40.000074,0.2
749,0.7792804946001965,0.0,0.7795328573648813,0.0,999.9999999999999,40.000074,0.2
750,0.7708508092440216,0.0,0.7712343055854889,0.0,-999.9999999999999,100.0,0.2
751,0.7655951159643833,0.0,0.7710725835209008,0.0,-991.9678714859438,100.0,0.2
752,0.7685982026118232,0.0,0.7709068247089707,0.0,-983.9357429718875,100.0,0.2
753,0.7682307583073239,0.0,0.7707368920454927,0.0,-975.9036144578313,100.0,0.2
754,0.7649309631283397,0.0,0.7705626424597761,0.0,-967.871485943775,100.0,0.2
755,0.7699290710578754,0.0,0.770383926593953,0.0,-959.8393574297188,100.0,0.2
756,0.7641747229135986,0.0,0.7702005884615134,0.0,-951.8072289156627,100.0,0.2
757,0.7676904769992051,0.0,0.7700124650834679,0.0,-943.7751004016064,100.0,0.2
758,0.766862303981831,0.0,0.7698193861004788,0.0,-935.7429718875501,100.0,0.2
759,0.7636877202618827,0.0,0.7696211733590176,0.0,-927.710843373494,100.0,0.2
760,0.7688545868802175,0.0,0.7694176404694503,0.0,-919.6787148594377,100.0,0.2
761,0.7625414813544966,0.0,0.7692085923339474,0.0,-911.6465863453815,100.0,0.2
762,0.7667207388373946,0.0,0.768993824641538,0.0,-903.6144578313254,100.0,0.2
763,0.7652135625670528,0.0,0.7687731233279289,0.0,-895.582329317269,100.0,0.2
764,0.7623565862124871,0.0,0.7685462639968191,0.0,-887.5502008032129,100.0,0.2
765,0.7675740351070227,0.0,0.7683130112997297,0.0,-879.5180722891566,100.0,0.2
766,0.7606714669895456,0.0,0.7680731182706526,0.0,-871.4859437751004,100.0,0.2
767,0.7656738801491546,0.0,0.7678263256117364,0.0,-863.4538152610442,100.0,0.2
768,0.7632143518240345,0.0,0.7675723609256342,0.0,-855.4216867469879,100.0,0.2
769,0.7609505181206093,0.0,0.7673109378898153,0.0,-847.3895582329317,100.0,0.2
770,0.7660077921138803,0.0,0.7670417553676484,0.0,-839.3574297188754,100.0,0.2
771,0.7585497331231286,0.0,0.7667644964505509,0.0,-831.3253012048193,100.0,0.2
772,0.7645180245506236,0.0,0.7664788274246742,0.0,-823.2931726907631,100.0,0.2
773,0.7607813509460596,0.0,0.7661843966552483,0.0,-815.2610441767068,100.0,0.2
774,0.7594911279046853,0.0,0.7658808333807675,0.0,-807.2289156626506,100.0,0.2
775,0.7640385247171471,0.0,0.7655677464081087,0.0,-799.1967871485944,100.0,0.2
776,0.7561807012269718,0.0,0.7652447226993869,0.0,-791.1646586345382,100.0,0.2
777,0.7631882277457976,0.0,0.7649113258392448,0.0,-783.132530120482,100.0,0.2
778,0.7578243710829219,0.0,0.7645670943711503,0.0,-775.1004016064257,100.0,0.2
779,0.7580043661998096,0.0,0.7642115399889173,0.0,-767.0682730923695,100.0,0.2
780,0.7614982785852392,0.0,0.763844145568776,0.0,-759.0361445783133,100.0,0.2
781,0.7536032909299928,0.0,0.763464363025131,0.0,-751.004016064257,100.0,0.2
782,0.761558311771838,0.0,0.7630716109712264,0.0,-742.9718875502008,100.0,0.2
783,0.7542641636811115,0.0,0.7626652721637699,0.0,-734.9397590361446,100.0,0.2
784,0.7565034261802172,0.0,0.762244690707627,0.0,-726.9076305220884,100.0,0.2
785,0.7581593809964413,0.0,0.7618091689939605,0.0,-718.8755020080321,100.0,0.2
786,0.750908109864156,0.0,0.7613579643416891,0.0,-710.8433734939758,100.0,0.2
787,0.7593965596629355,0.0,0.7608902853080695,0.0,-702.8112449799197,100.0,0.2
788,0.7500706361405279,0.0,0.7604052876299029,0.0,-694.7791164658635,100.0,0.2
789,0.7549438467421157,0.0,0.7599020697515574,0.0,-686.7469879518073,100.0,0.2
790,0.7537434453457755,0.0,0.7593796678900857,0.0,-678.714859437751,100.0,0.2
791,0.7482442153412102,0.0,0.7588370505808558,0.0,-670.6827309236947,100.0,0.2
792,0.7563067281428068,0.0,0.7582731126393123,0.0,-662.6506024096386,100.0,0.2
793,0.7453299486161143,0.0,0.7576866684651574,0.0,-654.6184738955824,100.0,0.2
794,0.7531265878445272,0.0,0.7570764446048881,0.0,-646.5863453815261,100.0,0.2
795,0.7479790972454619,0.0,0.7564410714764017,0.0,-638.5542168674699,100.0,0.2
796,0.7457795614725756,0.0,0.7557790741450756,0.0,-630.5220883534137,100.0,0.2
797,0.7516775215064385,0.0,0.7550888620244789,0.0,-622.4899598393574,100.0,0.2
798,0.7403329872019744,0.0,0.754368717355725,0.0,-614.4578313253012,100.0,0.2
799,0.7505233813958733,0.0,0.7536167822973732,0.0,-606.425702811245,100.0,0.2
800,0.7407587731814096,0.0,0.752831044431928,0.0,-598.3935742971887,100.0,0.2
801,0.7435353405172677,0.0,0.7520093204651725,0.0,-590.3614457831325,100.0,0.2
802,0.7447197948311711,0.0,0.7511492378595973,0.0,-582.3293172690762,100.0,0.2
803,0.7356155201747906,0.0,0.7502482141027599,0.0,-574.29718875502,100.0,0.2
804,0.7460405243727284,0.0,0.749303433264527,0.0,-566.2650602409639,100.0,0.2
805,0.7324347117351024,0.0,0.748311819442311,0.0,-558.2329317269076,100.0,0.2
806,0.7409661107335298,0.0,0.747270006630958,0.0,-550.2008032128514,100.0,0.2
807,0.7347721607849055,0.0,0.7461743044808574,0.0,-542.1686746987951,100.0,0.2
808,0.7317214124373869,0.0,0.7450206593249394,0.0,-534.1365461847389,100.0,0.2
809,0.7379098421085161,0.0,0.7438046097604287,0.0,-526.1044176706828,100.0,0.2
810,0.7241354436536912,0.0,0.7425212359644029,0.0,-518.0722891566265,100.0,0.2
811,0.7362249466119366,0.0,0.741165101803009,0.0,-510.0401606425703,100.0,0.2
812,0.7221109162599006,0.0,0.7397301886644323,0.0,-502.00803212851406,100.0,0.2
813,0.7282158002786373,0.0,0.738209819806989,0.0,-493.9759036144578,100.0,0.2
814,0.7243004460187408,0.0,0.7365965738723956,0.0,-485.9437751004016,100.0,0.2
815,0.7174258643047667,0.0,0.7348821860796676,0.0,-477.9116465863453,100.0,0.2
816,0.7256197261596817,0.0,0.733057435503079,0.0,-469.8795180722891,100.0,0.2
817,0.7090257496946454,0.0,0.731112016773849,0.0,-461.84738955823286,100.0,0.2
818,0.7216155315163684,0.0,0.7290343945699004,0.0,-453.8152610441766,100.0,0.2
819,0.7055510264627683,0.0,0.7268116394310215,0.0,-445.7831325301205,100.0,0.2
820,0.7116742667931628,0.0,0.724429243849669,0.0,-437.7510040160643,100.0,0.2
821,0.705319269828184,0.0,0.72187091837287,0.0,-429.718875502008,100.0,0.2
822,0.6987999682299275,0.0,0.7191183688028557,0.0,-421.6867469879518,100.0,0.2
823,0.7041799981838016,0.0,0.7161510577774508,0.0,-413.6546184738955,100.0,0.2
824,0.6868595494325309,0.0,0.712945957431237,0.0,-405.6224899598393,100.0,0.2
825,0.6985636241257543,0.0,0.7094773050075383,0.0,-397.59036144578306,100.0,0.2
826,0.6778531271060122,0.0,0.7057163808983362,0.0,-389.55823293172693,100.0,0.2
827,0.687383123389694,0.0,0.7016313394939878,0.0,-381.5261044176707,100.0,0.2
828,0.6710428839894601,0.0,0.6971871384239464,0.0,-373.4939759036144,100.0,0.2
829,0.6718554580539415,0.0,0.6923456322550432,0.0,-365.4618473895582,100.0,0.2
830,0.6639461640508774,0.0,0.6870659231475582,0.0,-357.429718875502,100.0,0.2
831,0.6540077246830863,0.0,0.6813050930345627,0.0,-349.39759036144574,100.0,0.2
832,0.6539780669884654,0.0,0.6750194771310162,0.0,-341.3654618473895,100.0,0.2
833,0.6352281598650498,0.0,0.6681666705638944,0.0,-333.33333333333326,100.0,0.2
834,0.639571676399659,0.0,0.6607084756668795,0.0,-325.301204819277,100.0,0.2
835,0.6157090026656863,0.0,0.6526149746427976,0.0,-317.2690763052209,100.0,0.2
836,0.6204020922338612,0.0,0.6438698174942069,0.0,-309.23694779116465,100.0,0.2
837,0.5947928675165827,0.0,0.6344766068965723,0.0,-301.2048192771084,100.0,0.2
838,0.5970488374748316,0.0,0.6244659034151142,0.0,-293.1726907630522,100.0,0.2
839,0.5717471055110382,0.0,0.6139018633006654,0.0,-285.14056224899593,100.0,0.2
840,0.5706022198830518,0.0,0.6028869334769082,0.0,-277.1084337349397,100.0,0.2
841,0.5464627052945765,0.0,0.5915625656110656,0.0,-269.07630522088346,100.0,0.2
842,0.5424332152174102,0.0,0.5801039012047591,0.0,-261.04417670682733,100.0,0.2
843,0.5197439053611806,0.0,0.5687071718396937,0.0,-253.0120481927711,100.0,0.2
844,0.5139689387854613,0.0,0.5575702865533501,0.0,-244.97991967871488,100.0,0.2
845,0.49302616708089214,0.0,0.5468693880826316,0.0,-236.9477911646586,100.0,0.2
846,0.48626387159903844,0.0,0.5367361509047774,0.0,-228.91566265060237,100.0,0.2
847,0.4675778066903719,0.0,0.5272411920748875,0.0,-220.88353413654613,100.0,0.2
848,0.4596019987511455,0.0,0.5183876163106863,0.0,-212.8514056224899,100.0,0.2
849,0.4434997442571525,0.0,0.5101158826576659,0.0,-204.81927710843362,100.0,0.2
850,0.4336879793316196,0.0,0.5023181483471034,0.0,-196.7871485943774,100.0,0.2
851,0.41920371346306806,0.0,0.49485833435450904,0.0,-188.7550200803213,100.0,0.2
852,0.4078235037433064,0.0,0.48759397688747397,0.0,-180.72289156626505,100.0,0.2
853,0.3929506122110439,0.0,0.48039725557851953,0.0,-172.6907630522088,100.0,0.2
854,0.3794070223641165,0.0,0.47317482138002726,0.0,-164.6586345381526,100.0,0.2
855,0.36462305946910906,0.0,0.4658887553160349,0.0,-156.62650602409633,100.0,0.2
856,0.3471700536098312,0.0,0.45858365205664353,0.0,-148.5943775100401,100.0,0.2
857,0.3295797120479966,0.0,0.45142174021589926,0.0,-140.56224899598385,100.0,0.2
858,0.3120547033149716,0.0,0.4446779323852581,0.0,-132.53012048192772,100.0,0.2
859,0.2933053504172221,0.0,0.43841407494995793,0.0,-124.49799196787149,100.0,0.2
860,0.26937593457595105,0.0,0.43164267169044257,0.0,-116.46586345381523,100.0,0.2
861,0.2438100263620122,0.0,0.4234019642607019,0.0,-108.43373493975902,100.0,0.2
862,0.2210139787357143,0.0,0.4149553398844529,0.0,-100.40160642570277,100.0,0.2
863,0.19912655173561108,0.0,0.40774234969918755,0.0,-92.36947791164653,100.0,0.2
864,0.17546128253591103,0.0,0.4023458335515976,0.0,-84.33734939759029,100.0,0.2
865,0.1500000040130152,0.0,0.39906293396854137,0.0,-76.30522088353405,100.0,0.2
866,0.12448805476270669,0.0,0.398140557674555,0.0,-68.27309236947781,100.0,0.2
867,0.10197979603410136,0.0,0.3997447235328941,0.0,-60.24096385542168,100.0,0.2
868,0.08179200800255657,0.0,0.40386503603145063,0.0,-52.20883534136544,100.0,0.2
869,0.053958932854880966,0.0,0.4102159087375687,0.0,-44.17670682730921,100.0,0.2
870,0.04051209142139973,0.0,0.4181672810545639,0.0,-36.144578313252964,100.0,0.2
871,0.023257012980636576,0.0,0.42674134455713164,0.0,-28.11244979919672,100.0,0.2
872,0.01790748983811676,0.0,0.43470980467816245,0.0,-20.080321285140485,100.0,0.2
873,0.00075821722735768,0.0,0.4408028027820901,0.0,-12.048192771084246,100.0,0.2
874,-0.005452866573713976,0.0,0.4439943287472893,0.0,-4.01606425702812,100.0,0.2
875,-0.005370480072606417,0.0,0.4437783190194108,0.0,4.01606425702812,100.0,0.2
876,0.001193256821294179,0.0,0.4403290066924925,0.0,12.04819277108436,100.0,0.2
877,0.01906798714905552,0.0,0.43447390284908277,0.0,20.0803212851406,100.0,0.2
878,0.025614323397779363,0.0,0.4274864983874983,0.0,28.112449799196842,100.0,0.2
879,0.04530530324821016,0.0,0.42078148436481566,0.0,36.14457831325308,100.0,0.2
880,0.06152714394278179,0.0,0.41562296253150044,0.0,44.17670682730932,100.0,0.2
881,0.09314583127700705,0.0,0.41292814045972753,0.0,52.20883534136556,100.0,0.2
882,0.11798967455173608,0.0,0.4131937826341325,0.0,60.24096385542179,100.0,0.2
883,0.14560329993683993,0.0,0.4165252138773346,0.0,68.27309236947804,100.0,0.2
884,0.17662385378749332,0.0,0.4227255444462023,0.0,76.30522088353428,100.0,0.2
885,0.20789728702534221,0.0,0.43140383931146337,0.0,84.33734939759051,100.0,0.2
886,0.23758471986665056,0.0,0.44207394313473164,0.0,92.36947791164677,100.0,0.2
887,0.26567779977993367,0.0,0.4542303322889963,0.0,100.40160642570277,100.0,0.2
888,0.29475748674429403,0.0,0.4673983180770475,0.0,108.43373493975902,100.0,0.2
889,0.326366338302158,0.0,0.4811620240491829,0.0,116.46586345381523,100.0,0.2
890,0.3559633882215279,0.0,0.4951758230349536,0.0,124.49799196787149,100.0,0.2
891,0.3803472478570215,0.0,0.5091648884678832,0.0,132.53012048192772,100.0,0.2
892,0.40352797380615624,0.0,0.5229194540710289,0.0,140.56224899598396,100.0,0.2
893,0.4265173930119842,0.0,0.5362860721111797,0.0,148.5943775100402,100.0,0.2
894,0.44899873956092456,0.0,0.5491579991217501,0.0,156.62650602409644,100.0,0.2
895,0.4683829831846454,0.0,0.5614659509712475,0.0,164.65863453815268,100.0,0.2
896,0.4863222793058778,0.0,0.5731698571105618,0.0,172.69076305220892,100.0,0.2
897,0.5048647921715899,0.0,0.5842518553705721,0.0,180.7228915662652,100.0,0.2
898,0.5193984323708575,0.0,0.5947105421777911,0.0,188.7550200803214,100.0,0.2
899,0.5361451266923462,0.0,0.604556374717422,0.0,196.78714859437764,100.0,0.2
900,0.5474214983476088,0.0,0.6138080706678938,0.0,204.81927710843388,100.0,0.2
901,0.5638513616193289,0.0,0.6224898393982463,0.0,212.85140562249012,100.0,0.2
902,0.571085749790089,0.0,0.6306292875911744,0.0,220.88353413654613,100.0,0.2
903,0.5879444837187124,0.0,0.6382558608510267,0.0,228.91566265060237,100.0,0.2
904,0.5915607065732522,0.0,0.6453997044560091,0.0,236.9477911646586,100.0,0.2
905,0.6086922194096543,0.0,0.652090847517915,0.0,244.97991967871488,100.0,0.2
906,0.6093105662420588,0.0,0.6583586337542405,0.0,253.0120481927711,100.0,0.2
907,0.6267874957773943,0.0,0.6642313382494174,0.0,261.04417670682733,100.0,0.2
908,0.6245122467513213,0.0,0.6697359229421527,0.0,269.07630522088357,100.0,0.2
909,0.6428190042315152,0.0,0.6748978943670916,0.0,277.1084337349398,100.0,0.2
910,0.637489811947345,0.0,0.6797412357501218,0.0,285.14056224899605,100.0,0.2
911,0.6569919717076207,0.0,0.684288392281125,0.0,293.1726907630523,100.0,0.2
912,0.6488840444499154,0.0,0.6885602936118022,0.0,301.2048192771085,100.0,0.2
913,0.669072639748294,0.0,0.6925764016527515,0.0,309.23694779116477,100.0,0.2
914,0.6596311604975422,0.0,0.6963547748272474,0.0,317.269076305221,100.0,0.2
915,0.6785310702469729,0.0,0.6999121422867205,0.0,325.30120481927725,100.0,0.2
916,0.6707122749413684,0.0,0.7032639833707437,0.0,333.3333333333335,100.0,0.2
917,0.6849403239042715,0.0,0.7064246089334888,0.0,341.3654618473897,100.0,0.2
918,0.6826487133739809,0.0,0.7094072421626866,0.0,349.3975903614459,100.0,0.2
919,0.6885673674704279,0.0,0.7122240972644897,0.0,357.429718875502,100.0,0.2
920,0.6949362192111661,0.0,0.714886454941334,0.0,365.4618473895582,100.0,0.2
921,0.6908198642654402,0.0,0.7174047339957723,0.0,373.4939759036144,100.0,0.2
922,0.7058734276496542,0.0,0.7197885586890511,0.0,381.5261044176707,100.0,0.2
923,0.6940400517284927,0.0,0.7220468216946531,0.0,389.55823293172693,100.0,0.2
924,0.713240727117853,0.0,0.7241877426370728,0.0,397.59036144578323,100.0,0.2
925,0.7003746168759009,0.0,0.726218922309024,0.0,405.6224899598394,100.0,0.2
926,0.7157857884482293,0.0,0.7281473927293899,0.0,413.65461847389565,100.0,0.2
927,0.7101712395902281,0.0,0.7299796632476376,0.0,421.6867469879519,100.0,0.2
928,0.714643899437957,0.0,0.731721762925869,0.0,429.7188755020081,100.0,0.2
929,0.7211041004149175,0.0,0.7333792794415515,0.0,437.75100401606437,100.0,0.2
930,0.7133656068139493,0.0,0.7349573947566476,0.0,445.7831325301206,100.0,0.2
931,0.7291860808035681,0.0,0.7364609177951027,0.0,453.8152610441769,100.0,0.2
932,0.7158941398392037,0.0,0.7378943143621008,0.0,461.8473895582331,100.0,0.2
933,0.731542564743893,0.0,0.7392617345278107,0.0,469.87951807228933,100.0,0.2
934,0.7235457344760063,0.0,0.7405670376851863,0.0,477.9116465863453,100.0,0.2
935,0.7290327779596258,0.0,0.741813815478048,0.0,485.9437751004016,100.0,0.2
936,0.7334582678562298,0.0,0.7430054127816623,0.0,493.9759036144578,100.0,0.2
937,0.72622346915588,0.0,0.7441449469043063,0.0,502.00803212851406,100.0,0.2
938,0.7404008149747782,0.0,0.7452353251649647,0.0,510.0401606425703,100.0,0.2
939,0.7280149193624966,0.0,0.7462792609897685,0.0,518.0722891566265,100.0,0.2
940,0.7410782318526721,0.0,0.7472792886574202,0.0,526.1044176706828,100.0,0.2
941,0.735363691536753,0.0,0.7482377768130433,0.0,534.136546184739,100.0,0.2
942,0.737323270599101,0.0,0.749156940859033,0.0,542.1686746987953,100.0,0.2
943,0.744076312679162,0.0,0.7500388543223562,0.0,550.2008032128515,100.0,0.2
944,0.7348470171552168,0.0,0.7508854592882387,0.0,558.2329317269077,100.0,0.2
945,0.7483881298598118,0.0,0.7516985759825812,0.0,566.265060240964,100.0,0.2
946,0.7380931043104957,0.0,0.752479911577748,0.0,574.2971887550202,100.0,0.2
947,0.7464326769751322,0.0,0.7532310682895701,0.0,582.3293172690765,100.0,0.2
948,0.7458773653235019,0.0,0.7539535508273152,0.0,590.3614457831327,100.0,0.2
949,0.7422625612207687,0.0,0.7546487732526761,0.0,598.3935742971889,100.0,0.2
950,0.7523775199336081,0.0,0.755318065298697,0.0,606.4257028112452,100.0,0.2
951,0.7419778184442501,0.0,0.7559626781950475,0.0,614.4578313253012,100.0,0.2
952,0.7529424906486054,0.0,0.7565837900416164,0.0,622.4899598393574,100.0,0.2
953,0.7475270950773032,0.0,0.7571825107688336,0.0,630.5220883534137,100.0,0.2
954,0.748945018811022,0.0,0.7577598867194585,0.0,638.5542168674699,100.0,0.2
955,0.7546313436168073,0.0,0.7583169048835803,0.0,646.5863453815261,100.0,0.2
956,0.7464001913490322,0.0,0.7588544968155897,0.0,654.6184738955824,100.0,0.2
957,0.7573180157080994,0.0,0.7593735422594587,0.0,662.6506024096386,100.0,0.2
958,0.7495297239198411,0.0,0.7598748725062936,0.0,670.6827309236949,100.0,0.2
959,0.7543988231094757,0.0,0.7603592735057826,0.0,678.7148594377511,100.0,0.2
960,0.7561733826716748,0.0,0.7608274887517307,0.0,686.7469879518073,100.0,0.2
961,0.7507565139319547,0.0,0.7612802219595238,0.0,694.7791164658636,100.0,0.2
962,0.7602468360089563,0.0,0.7617181395523784,0.0,702.8112449799198,100.0,0.2
963,0.7518411107557593,0.0,0.7621418729712675,0.0,710.843373493976,100.0,0.2
964,0.75863579174711,0.0,0.7625520208225766,0.0,718.8755020080323,100.0,0.2
965,0.7575072962650697,0.0,0.76294915087598,0.0,726.9076305220885,100.0,0.2
966,0.7546983212034611,0.0,0.763333801924257,0.0,734.9397590361446,100.0,0.2
967,0.7622923111344763,0.0,0.7637064855155639,0.0,742.9718875502008,100.0,0.2
968,0.7542727774701046,0.0,0.7640676875678927,0.0,751.004016064257,100.0,0.2
969,0.7618689211595924,0.0,0.7644178698746726,0.0,759.0361445783133,100.0,0.2
970,0.7588225708123212,0.0,0.7647574715096751,0.0,767.0682730923695,100.0,0.2
971,0.7580955520411355,0.0,0.7650869101386822,0.0,775.1004016064257,100.0,0.2
972,0.7638295823399475,0.0,0.7654065832448299,0.0,783.132530120482,100.0,0.2
973,0.7566563461794795,0.0,0.7657168692740336,0.0,791.1646586345382,100.0,0.2
974,0.7643431335697376,0.0,0.7660181287061764,0.0,799.1967871485945,100.0,0.2
975,0.7601580534327305,0.0,0.7663107050575696,0.0,807.2289156626507,100.0,0.2
976,0.7609472809535828,0.0,0.7665949258194975,0.0,815.2610441767068,100.0,0.2
977,0.7650814807133094,0.0,0.7668711033374855,0.0,823.2931726907632,100.0,0.2
978,0.7588843516715731,0.0,0.767139535635403,0.0,831.3253012048194,100.0,0.2
979,0.7662677198032872,0.0,0.7674005071883594,0.0,839.3574297188758,100.0,0.2
980,0.7614956485867651,0.0,0.7676542896478475,0.0,847.3895582329319,100.0,0.2
981,0.7633119199770327,0.0,0.7679011425225193,0.0,855.4216867469881,100.0,0.2
982,0.7661704005638107,0.0,0.7681413138176277,0.0,863.4538152610445,100.0,0.2
983,0.7609041934784905,0.0,0.768375040635856,0.0,871.4859437751004,100.0,0.2
984,0.7678008376403408,0.0,0.7686025497422946,0.0,879.5180722891566,100.0,0.2
985,0.762804678524873,0.0,0.7688240580958277,0.0,887.5502008032129,100.0,0.2
986,0.7652661141486026,0.0,0.7690397733492309,0.0,895.582329317269,100.0,0.2
987,0.7671594411292781,0.0,0.769249894320082,0.0,903.6144578313254,100.0,0.2
988,0.7627009077404255,0.0,0.7694546114343154,0.0,911.6465863453816,100.0,0.2
989,0.769054708325989,0.0,0.7696541071442214,0.0,919.6787148594377,100.0,0.2
990,0.7640591246964142,0.0,0.7698485563226478,0.0,927.7108433734941,100.0,0.2
991,0.7668845666738475,0.0,0.7700381266347239,0.0,935.7429718875503,100.0,0.2
992,0.7680792887760215,0.0,0.770222978888793,0.0,943.7751004016067,100.0,0.2
993,0.7642815931206065,0.0,0.7704032673676248,0.0,951.8072289156628,100.0,0.2
994,0.7701063210869417,0.0,0.7705791401413189,0.0,959.839357429719,100.0,0.2
995,0.7652421281232114,0.0,0.770750739362986,0.0,967.8714859437754,100.0,0.2
996,0.7682320523433532,0.0,0.7709182015481921,0.0,975.9036144578315,100.0,0.2
997,0.7689440564536016,0.0,0.7710816578393287,0.0,983.9357429718877,100.0,0.2
998,0.7656644596208202,0.0,0.7712412342556962,0.0,991.9678714859438,100.0,0.2
999,0.7710076415395046,0.0,0.7713970519301986,0.0,999.9999999999999,100.0,0.2
